"typeResult","idGame","slugTeam","idTeam","pctEFGOpponent","pctTOVOpponent","pctOREBOpponent","teamName","cityTeam","minExact","rateFTA","rateFTAOpponent"
"team",22200397,"SAC",1610612758,0.494,0.165,0.34,"Kings","Sacramento",240,0.422,0.303
"team",22200397,"NYK",1610612752,0.458,0.163,0.236,"Knicks","New York",240,0.303,0.422
"team",22200406,"SAS",1610612759,0.516,0.151,0.404,"Spurs","San Antonio",240,0.165,0.185
"team",22200406,"CLE",1610612739,0.521,0.133,0.377,"Cavaliers","Cleveland",240,0.185,0.165
"team",22200404,"MEM",1610612763,0.413,0.146,0.375,"Grizzlies","Memphis",240,0.217,0.212
"team",22200404,"ATL",1610612737,0.681,0.211,0.4,"Hawks","Atlanta",240,0.212,0.217
"team",22200402,"MIA",1610612748,0.424,0.184,0.273,"Heat","Miami",240,0.217,0.253
"team",22200402,"IND",1610612754,0.44,0.146,0.245,"Pacers","Indiana",240,0.253,0.217
"team",22200405,"OKC",1610612760,0.538,0.137,0.364,"Thunder","Oklahoma City",240,0.239,0.269
"team",22200405,"DAL",1610612742,0.534,0.13,0.239,"Mavericks","Dallas",240,0.269,0.239
"team",22200407,"POR",1610612757,0.548,0.096,0.154,"Trail Blazers","Portland",240,0.236,0.204
"team",22200407,"MIN",1610612750,0.657,0.179,0.289,"Timberwolves","Minnesota",240,0.204,0.236
"team",22200408,"LAC",1610612746,0.493,0.154,0.149,"Clippers","LA",240,0.233,0.342
"team",22200408,"BOS",1610612738,0.544,0.102,0.286,"Celtics","Boston",240,0.342,0.233
"team",22200403,"WAS",1610612764,0.539,0.126,0.174,"Wizards","Washington",240,0.278,0.202
"team",22200403,"BKN",1610612751,0.538,0.195,0.222,"Nets","Brooklyn",240,0.202,0.278
"team",22200409,"SAC",1610612758,0.607,0.116,0.093,"Kings","Sacramento",240,0.217,0.321
"team",22200409,"PHI",1610612755,0.467,0.162,0.291,"76ers","Philadelphia",240,0.321,0.217
"team",22200412,"UTA",1610612762,0.419,0.155,0.328,"Jazz","Utah",240,0.117,0.355
"team",22200412,"NOP",1610612740,0.549,0.198,0.439,"Pelicans","New Orleans",240,0.355,0.117
"team",22200413,"LAL",1610612747,0.534,0.125,0.267,"Lakers","Los Angeles",265,0.323,0.154
"team",22200413,"BOS",1610612738,0.516,0.108,0.192,"Celtics","Boston",265,0.154,0.323
"team",22200410,"MIL",1610612749,0.505,0.165,0.233,"Bucks","Milwaukee",240,0.39,0.2
"team",22200410,"GSW",1610612744,0.622,0.215,0.308,"Warriors","Golden State",240,0.2,0.39
"team",22200411,"PHX",1610612756,0.494,0.226,0.408,"Suns","Phoenix",240,0.184,0.42
"team",22200411,"HOU",1610612745,0.383,0.097,0.296,"Rockets","Houston",240,0.42,0.184
"team",22200417,"TOR",1610612761,0.575,0.145,0.367,"Raptors","Toronto",240,0.287,0.215
"team",22200417,"SAC",1610612758,0.532,0.069,0.24,"Kings","Sacramento",240,0.215,0.287
"team",22200420,"SAS",1610612759,0.716,0.169,0.257,"Spurs","San Antonio",240,0.196,0.21
"team",22200420,"POR",1610612757,0.521,0.107,0.357,"Trail Blazers","Portland",240,0.21,0.196
"team",22200415,"IND",1610612754,0.547,0.217,0.326,"Pacers","Indiana",240,0.287,0.337
"team",22200415,"GSW",1610612744,0.598,0.162,0.178,"Warriors","Golden State",240,0.337,0.287
"team",22200421,"DAL",1610612742,0.577,0.1,0.263,"Mavericks","Dallas",240,0.351,0.244
"team",22200421,"CLE",1610612739,0.48,0.141,0.22,"Cavaliers","Cleveland",240,0.244,0.351
"team",22200414,"DET",1610612765,0.487,0.044,0.319,"Pistons","Detroit",265,0.387,0.254
"team",22200414,"CHA",1610612766,0.613,0.142,0.278,"Hornets","Charlotte",265,0.254,0.387
"team",22200416,"ORL",1610612753,0.568,0.128,0.261,"Magic","Orlando",240,0.323,0.307
"team",22200416,"ATL",1610612737,0.591,0.132,0.367,"Hawks","Atlanta",240,0.307,0.323
"team",22200419,"OKC",1610612760,0.57,0.141,0.216,"Thunder","Oklahoma City",240,0.28,0.174
"team",22200419,"MIA",1610612748,0.555,0.141,0.205,"Heat","Miami",240,0.174,0.28
"team",22200423,"MIN",1610612750,0.461,0.151,0.345,"Timberwolves","Minnesota",240,0.405,0.236
"team",22200423,"LAC",1610612746,0.446,0.175,0.188,"Clippers","LA",240,0.236,0.405
"team",22200418,"NYK",1610612752,0.601,0.117,0.1,"Knicks","New York",265,0.275,0.262
"team",22200418,"CHI",1610612741,0.593,0.171,0.38,"Bulls","Chicago",265,0.262,0.275
"team",22200422,"WAS",1610612764,0.675,0.172,0.3,"Wizards","Washington",240,0.253,0.422
"team",22200422,"DEN",1610612743,0.632,0.126,0.167,"Nuggets","Denver",240,0.422,0.253
"team",22200426,"UTA",1610612762,0.535,0.163,0.375,"Jazz","Utah",265,0.402,0.283
"team",22200426,"NOP",1610612740,0.554,0.141,0.396,"Pelicans","New Orleans",265,0.283,0.402
"team",22200427,"PHX",1610612756,0.444,0.187,0.387,"Suns","Phoenix",240,0.189,0.233
"team",22200427,"LAC",1610612746,0.511,0.093,0.358,"Clippers","LA",240,0.233,0.189
"team",22200425,"MIL",1610612749,0.608,0.075,0.34,"Bucks","Milwaukee",240,0.287,0.225
"team",22200425,"MEM",1610612763,0.441,0.087,0.246,"Grizzlies","Memphis",240,0.225,0.287
"team",22200424,"MIA",1610612748,0.516,0.152,0.412,"Heat","Miami",240,0.261,0.181
"team",22200424,"HOU",1610612745,0.534,0.143,0.327,"Rockets","Houston",240,0.181,0.261
"team",22200430,"ORL",1610612753,0.482,0.136,0.231,"Magic","Orlando",240,0.308,0.405
"team",22200430,"BOS",1610612738,0.511,0.169,0.385,"Celtics","Boston",240,0.405,0.308
"team",22200433,"TOR",1610612761,0.664,0.154,0.188,"Raptors","Toronto",240,0.345,0.303
"team",22200433,"BKN",1610612751,0.542,0.091,0.239,"Nets","Brooklyn",240,0.303,0.345
"team",22200432,"PHI",1610612755,0.505,0.164,0.268,"76ers","Philadelphia",240,0.365,0.138
"team",22200432,"GSW",1610612744,0.547,0.146,0.265,"Warriors","Golden State",240,0.138,0.365
"team",22200437,"LAL",1610612747,0.537,0.184,0.209,"Lakers","Los Angeles",240,0.264,0.346
"team",22200437,"DEN",1610612743,0.593,0.142,0.326,"Nuggets","Denver",240,0.346,0.264
"team",22200435,"OKC",1610612760,0.563,0.155,0.26,"Thunder","Oklahoma City",240,0.239,0.287
"team",22200435,"MIN",1610612750,0.528,0.2,0.327,"Timberwolves","Minnesota",240,0.287,0.239
"team",22200429,"SAC",1610612758,0.518,0.167,0.333,"Kings","Sacramento",240,0.354,0.365
"team",22200429,"DET",1610612765,0.598,0.134,0.214,"Pistons","Detroit",240,0.365,0.354
"team",22200436,"POR",1610612757,0.667,0.127,0.154,"Trail Blazers","Portland",240,0.281,0.321
"team",22200436,"DAL",1610612742,0.511,0.118,0.259,"Mavericks","Dallas",240,0.321,0.281
"team",22200431,"IND",1610612754,0.592,0.106,0.244,"Pacers","Indiana",240,0.238,0.421
"team",22200431,"CLE",1610612739,0.594,0.107,0.184,"Cavaliers","Cleveland",240,0.421,0.238
"team",22200434,"NYK",1610612752,0.545,0.203,0.098,"Knicks","New York",240,0.348,0.104
"team",22200434,"CHI",1610612741,0.495,0.116,0.344,"Bulls","Chicago",240,0.104,0.348
"team",22200428,"CHA",1610612766,0.647,0.14,0.135,"Hornets","Charlotte",240,0.194,0.453
"team",22200428,"ATL",1610612737,0.474,0.125,0.371,"Hawks","Atlanta",240,0.453,0.194
"team",22200444,"PHX",1610612756,0.675,0.178,0.182,"Suns","Phoenix",240,0.422,0.169
"team",22200444,"NOP",1610612740,0.56,0.083,0.286,"Pelicans","New Orleans",240,0.169,0.422
"team",22200442,"UTA",1610612762,0.633,0.158,0.395,"Jazz","Utah",240,0.07,0.122
"team",22200442,"MIL",1610612749,0.547,0.146,0.163,"Bucks","Milwaukee",240,0.122,0.07
"team",22200443,"OKC",1610612760,0.444,0.094,0.2,"Thunder","Oklahoma City",240,0.337,0.411
"team",22200443,"MEM",1610612763,0.516,0.102,0.22,"Grizzlies","Memphis",240,0.411,0.337
"team",22200439,"SAS",1610612759,0.579,0.143,0.227,"Spurs","San Antonio",240,0.429,0.28
"team",22200439,"MIA",1610612748,0.494,0.167,0.292,"Heat","Miami",240,0.28,0.429
"team",22200438,"WAS",1610612764,0.5,0.141,0.278,"Wizards","Washington",240,0.155,0.302
"team",22200438,"LAC",1610612746,0.482,0.162,0.208,"Clippers","LA",240,0.302,0.155
"team",22200440,"DAL",1610612742,0.463,0.121,0.288,"Mavericks","Dallas",265,0.216,0.234
"team",22200440,"CLE",1610612739,0.494,0.116,0.2,"Cavaliers","Cleveland",265,0.234,0.216
"team",22200441,"POR",1610612757,0.417,0.167,0.509,"Trail Blazers","Portland",240,0.224,0.322
"team",22200441,"HOU",1610612745,0.547,0.144,0.239,"Rockets","Houston",240,0.322,0.224
"team",22200445,"ORL",1610612753,0.416,0.163,0.283,"Magic","Orlando",240,0.221,0.236
"team",22200445,"BOS",1610612738,0.453,0.128,0.132,"Celtics","Boston",240,0.236,0.221
"team",22200451,"WAS",1610612764,0.56,0.086,0.184,"Wizards","Washington",240,0.253,0.239
"team",22200451,"LAL",1610612747,0.516,0.095,0.259,"Lakers","Los Angeles",240,0.239,0.253
"team",22200447,"DET",1610612765,0.644,0.131,0.158,"Pistons","Detroit",240,0.386,0.288
"team",22200447,"BKN",1610612751,0.523,0.089,0.313,"Nets","Brooklyn",240,0.288,0.386
"team",22200448,"TOR",1610612761,0.642,0.174,0.375,"Raptors","Toronto",240,0.232,0.321
"team",22200448,"GSW",1610612744,0.489,0.139,0.397,"Warriors","Golden State",240,0.321,0.232
"team",22200446,"NYK",1610612752,0.506,0.145,0.309,"Knicks","New York",240,0.361,0.256
"team",22200446,"IND",1610612754,0.518,0.163,0.319,"Pacers","Indiana",240,0.256,0.361
"team",22200450,"DEN",1610612743,0.49,0.105,0.218,"Nuggets","Denver",240,0.362,0.24
"team",22200450,"CHA",1610612766,0.516,0.13,0.339,"Hornets","Charlotte",240,0.24,0.362
"team",22200449,"MIN",1610612750,0.614,0.106,0.205,"Timberwolves","Minnesota",240,0.184,0.273
"team",22200449,"CHI",1610612741,0.787,0.126,0.219,"Bulls","Chicago",240,0.273,0.184
"team",22200460,"SAC",1610612758,0.568,0.129,0.306,"Kings","Sacramento",240,0.326,0.242
"team",22200460,"CHA",1610612766,0.537,0.075,0.207,"Hornets","Charlotte",240,0.242,0.326
"team",22200456,"MIN",1610612750,0.533,0.164,0.234,"Timberwolves","Minnesota",240,0.27,0.408
"team",22200456,"DAL",1610612742,0.539,0.108,0.24,"Mavericks","Dallas",240,0.408,0.27
"team",22200458,"POR",1610612757,0.517,0.114,0.333,"Trail Blazers","Portland",240,0.239,0.42
"team",22200458,"OKC",1610612760,0.591,0.161,0.348,"Thunder","Oklahoma City",240,0.42,0.239
"team",22200459,"PHX",1610612756,0.517,0.151,0.28,"Suns","Phoenix",240,0.258,0.195
"team",22200459,"LAL",1610612747,0.602,0.092,0.367,"Lakers","Los Angeles",240,0.195,0.258
"team",22200453,"TOR",1610612761,0.494,0.154,0.163,"Raptors","Toronto",265,0.227,0.338
"team",22200453,"PHI",1610612755,0.483,0.154,0.25,"76ers","Philadelphia",265,0.338,0.227
"team",22200457,"NOP",1610612740,0.636,0.172,0.237,"Pelicans","New Orleans",240,0.242,0.383
"team",22200457,"MIL",1610612749,0.515,0.139,0.35,"Bucks","Milwaukee",240,0.383,0.242
"team",22200452,"UTA",1610612762,0.721,0.229,0.214,"Jazz","Utah",240,0.247,0.371
"team",22200452,"CLE",1610612739,0.441,0.137,0.311,"Cavaliers","Cleveland",240,0.371,0.247
"team",22200455,"SAS",1610612759,0.452,0.107,0.344,"Spurs","San Antonio",240,0.229,0.33
"team",22200455,"HOU",1610612745,0.657,0.187,0.316,"Rockets","Houston",240,0.33,0.229
"team",22200454,"ORL",1610612753,0.574,0.094,0.229,"Magic","Orlando",240,0.263,0.213
"team",22200454,"ATL",1610612737,0.537,0.077,0.308,"Hawks","Atlanta",240,0.213,0.263
"team",22200463,"NYK",1610612752,0.554,0.209,0.128,"Knicks","New York",240,0.368,0.176
"team",22200463,"GSW",1610612744,0.615,0.121,0.409,"Warriors","Golden State",240,0.176,0.368
"team",22200462,"MIA",1610612748,0.637,0.178,0.235,"Heat","Miami",240,0.21,0.329
"team",22200462,"CHI",1610612741,0.562,0.141,0.2,"Bulls","Chicago",240,0.329,0.21
"team",22200464,"WAS",1610612764,0.534,0.145,0.34,"Wizards","Washington",240,0.463,0.213
"team",22200464,"PHX",1610612756,0.544,0.103,0.277,"Suns","Phoenix",240,0.213,0.463
"team",22200465,"MEM",1610612763,0.506,0.163,0.333,"Grizzlies","Memphis",240,0.259,0.281
"team",22200465,"DEN",1610612743,0.475,0.161,0.167,"Nuggets","Denver",240,0.281,0.259
"team",22200461,"UTA",1610612762,0.562,0.143,0.273,"Jazz","Utah",240,0.204,0.333
"team",22200461,"DET",1610612765,0.613,0.118,0.333,"Pistons","Detroit",240,0.333,0.204
"team",22200467,"PHI",1610612755,0.43,0.21,0.302,"76ers","Philadelphia",240,0.237,0.43
"team",22200467,"DET",1610612765,0.5,0.118,0.269,"Pistons","Detroit",240,0.43,0.237
"team",22200466,"MIL",1610612749,0.541,0.102,0.261,"Bucks","Milwaukee",240,0.265,0.329
"team",22200466,"CLE",1610612739,0.548,0.209,0.333,"Cavaliers","Cleveland",240,0.329,0.265
"team",22200470,"GSW",1610612744,0.768,0.146,0.129,"Warriors","Golden State",240,0.301,0.19
"team",22200470,"BKN",1610612751,0.566,0.198,0.267,"Nets","Brooklyn",240,0.19,0.301
"team",22200473,"MIN",1610612750,0.54,0.14,0.238,"Timberwolves","Minnesota",240,0.118,0.36
"team",22200473,"DAL",1610612742,0.541,0.138,0.239,"Mavericks","Dallas",240,0.36,0.118
"team",22200468,"CHI",1610612741,0.505,0.144,0.25,"Bulls","Chicago",240,0.256,0.176
"team",22200468,"ATL",1610612737,0.541,0.111,0.174,"Hawks","Atlanta",240,0.176,0.256
"team",22200472,"ORL",1610612753,0.563,0.164,0.245,"Magic","Orlando",240,0.363,0.193
"team",22200472,"HOU",1610612745,0.511,0.104,0.259,"Rockets","Houston",240,0.193,0.363
"team",22200469,"IND",1610612754,0.45,0.163,0.453,"Pacers","Indiana",240,0.092,0.248
"team",22200469,"BOS",1610612738,0.561,0.135,0.241,"Celtics","Boston",240,0.248,0.092
"team",22200474,"POR",1610612757,0.519,0.186,0.349,"Trail Blazers","Portland",240,0.114,0.325
"team",22200474,"OKC",1610612760,0.582,0.213,0.262,"Thunder","Oklahoma City",240,0.325,0.114
"team",22200475,"SAC",1610612758,0.565,0.14,0.133,"Kings","Sacramento",240,0.295,0.357
"team",22200475,"LAL",1610612747,0.595,0.11,0.294,"Lakers","Los Angeles",240,0.357,0.295
"team",22200476,"LAC",1610612746,0.451,0.138,0.196,"Clippers","LA",240,0.284,0.315
"team",22200476,"CHA",1610612766,0.648,0.239,0.25,"Hornets","Charlotte",240,0.315,0.284
"team",22200471,"TOR",1610612761,0.625,0.185,0.333,"Raptors","Toronto",240,0.234,0.237
"team",22200471,"NYK",1610612752,0.495,0.054,0.396,"Knicks","New York",240,0.237,0.234
"team",22200478,"WAS",1610612764,0.581,0.112,0.2,"Wizards","Washington",240,0.207,0.244
"team",22200478,"UTA",1610612762,0.604,0.113,0.079,"Jazz","Utah",240,0.244,0.207
"team",22200477,"SAS",1610612759,0.555,0.164,0.375,"Spurs","San Antonio",240,0.3,0.297
"team",22200477,"NOP",1610612740,0.528,0.162,0.347,"Pelicans","New Orleans",240,0.297,0.3
"team",22200488,"OKC",1610612760,0.505,0.176,0.309,"Thunder","Oklahoma City",265,0.245,0.426
"team",22200488,"NOP",1610612740,0.525,0.149,0.207,"Pelicans","New Orleans",265,0.426,0.245
"team",22200489,"POR",1610612757,0.642,0.111,0.205,"Trail Blazers","Portland",240,0.299,0.321
"team",22200489,"DEN",1610612743,0.5,0.141,0.302,"Nuggets","Denver",240,0.321,0.299
"team",22200485,"NYK",1610612752,0.559,0.043,0.255,"Knicks","New York",240,0.302,0.194
"team",22200485,"CHI",1610612741,0.593,0.105,0.34,"Bulls","Chicago",240,0.194,0.302
"team",22200491,"WAS",1610612764,0.5,0.131,0.269,"Wizards","Washington",240,0.273,0.417
"team",22200491,"SAC",1610612758,0.614,0.097,0.186,"Kings","Sacramento",240,0.417,0.273
"team",22200490,"PHX",1610612756,0.533,0.119,0.49,"Suns","Phoenix",240,0.299,0.418
"team",22200490,"MEM",1610612763,0.489,0.146,0.333,"Grizzlies","Memphis",240,0.418,0.299
"team",22200492,"LAL",1610612747,0.638,0.15,0.295,"Lakers","Los Angeles",240,0.239,0.191
"team",22200492,"CHA",1610612766,0.625,0.159,0.304,"Hornets","Charlotte",240,0.191,0.239
"team",22200487,"HOU",1610612745,0.55,0.142,0.234,"Rockets","Houston",240,0.346,0.338
"team",22200487,"DAL",1610612742,0.506,0.156,0.289,"Mavericks","Dallas",240,0.338,0.346
"team",22200481,"DET",1610612765,0.598,0.078,0.217,"Pistons","Detroit",240,0.322,0.261
"team",22200481,"ATL",1610612737,0.461,0.13,0.259,"Hawks","Atlanta",240,0.261,0.322
"team",22200483,"MIL",1610612749,0.57,0.122,0.333,"Bucks","Milwaukee",240,0.262,0.14
"team",22200483,"BKN",1610612751,0.494,0.182,0.314,"Nets","Brooklyn",240,0.14,0.262
"team",22200482,"MIN",1610612750,0.505,0.116,0.368,"Timberwolves","Minnesota",240,0.165,0.26
"team",22200482,"BOS",1610612738,0.538,0.164,0.28,"Celtics","Boston",240,0.26,0.165
"team",22200486,"MIA",1610612748,0.608,0.166,0.267,"Heat","Miami",240,0.147,0.169
"team",22200486,"IND",1610612754,0.5,0.102,0.352,"Pacers","Indiana",240,0.169,0.147
"team",22200479,"SAS",1610612759,0.672,0.176,0.325,"Spurs","San Antonio",240,0.186,0.23
"team",22200479,"ORL",1610612753,0.515,0.124,0.291,"Magic","Orlando",240,0.23,0.186
"team",22200484,"TOR",1610612761,0.586,0.153,0.19,"Raptors","Toronto",240,0.214,0.395
"team",22200484,"CLE",1610612739,0.613,0.19,0.295,"Cavaliers","Cleveland",240,0.395,0.214
"team",22200480,"PHI",1610612755,0.593,0.114,0.19,"76ers","Philadelphia",240,0.159,0.284
"team",22200480,"LAC",1610612746,0.602,0.093,0.244,"Clippers","LA",240,0.284,0.159
"team",22200496,"MEM",1610612763,0.571,0.114,0.25,"Grizzlies","Memphis",240,0.319,0.286
"team",22200496,"GSW",1610612744,0.463,0.117,0.241,"Warriors","Golden State",240,0.286,0.319
"team",22200495,"MIL",1610612749,0.7,0.117,0.135,"Bucks","Milwaukee",240,0.321,0.294
"team",22200495,"BOS",1610612738,0.577,0.146,0.267,"Celtics","Boston",240,0.294,0.321
"team",22200494,"LAL",1610612747,0.631,0.116,0.289,"Lakers","Los Angeles",240,0.4,0.298
"team",22200494,"DAL",1610612742,0.544,0.102,0.256,"Mavericks","Dallas",240,0.298,0.4
"team",22200497,"PHX",1610612756,0.548,0.118,0.327,"Suns","Phoenix",265,0.277,0.362
"team",22200497,"DEN",1610612743,0.569,0.13,0.259,"Nuggets","Denver",265,0.362,0.277
"team",22200493,"PHI",1610612755,0.544,0.086,0.367,"76ers","Philadelphia",240,0.377,0.189
"team",22200493,"NYK",1610612752,0.623,0.086,0.167,"Knicks","New York",240,0.189,0.377
"team",22200503,"UTA",1610612762,0.586,0.127,0.233,"Jazz","Utah",240,0.381,0.391
"team",22200503,"SAS",1610612759,0.469,0.11,0.373,"Spurs","San Antonio",240,0.391,0.381
"team",22200500,"MIN",1610612750,0.525,0.098,0.304,"Timberwolves","Minnesota",240,0.177,0.078
"team",22200500,"MIA",1610612748,0.639,0.222,0.25,"Heat","Miami",240,0.078,0.177
"team",22200498,"CLE",1610612739,0.683,0.171,0.316,"Cavaliers","Cleveland",240,0.366,0.207
"team",22200498,"BKN",1610612751,0.555,0.123,0.244,"Nets","Brooklyn",240,0.207,0.366
"team",22200499,"LAC",1610612746,0.52,0.154,0.333,"Clippers","LA",265,0.319,0.34
"team",22200499,"DET",1610612765,0.643,0.168,0.262,"Pistons","Detroit",265,0.34,0.319
"team",22200502,"NOP",1610612740,0.476,0.132,0.157,"Pelicans","New Orleans",240,0.267,0.241
"team",22200502,"IND",1610612754,0.522,0.159,0.404,"Pacers","Indiana",240,0.241,0.267
"team",22200501,"HOU",1610612745,0.56,0.079,0.184,"Rockets","Houston",240,0.244,0.228
"team",22200501,"CHI",1610612741,0.65,0.124,0.302,"Bulls","Chicago",240,0.228,0.244
"team",22200504,"POR",1610612757,0.456,0.119,0.382,"Trail Blazers","Portland",240,0.326,0.243
"team",22200504,"CHA",1610612766,0.581,0.145,0.295,"Hornets","Charlotte",240,0.243,0.326
"team",22200513,"GSW",1610612744,0.467,0.13,0.236,"Warriors","Golden State",240,0.253,0.272
"team",22200513,"CHA",1610612766,0.474,0.127,0.236,"Hornets","Charlotte",240,0.272,0.253
"team",22200508,"IND",1610612754,0.517,0.088,0.173,"Pacers","Indiana",240,0.293,0.326
"team",22200508,"ATL",1610612737,0.582,0.118,0.271,"Hawks","Atlanta",240,0.326,0.293
"team",22200514,"SAC",1610612758,0.552,0.132,0.261,"Kings","Sacramento",240,0.232,0.244
"team",22200514,"DEN",1610612743,0.549,0.163,0.209,"Nuggets","Denver",240,0.244,0.232
"team",22200509,"TOR",1610612761,0.565,0.111,0.38,"Raptors","Toronto",240,0.31,0.247
"team",22200509,"LAC",1610612746,0.548,0.123,0.267,"Clippers","LA",240,0.247,0.31
"team",22200511,"SAS",1610612759,0.61,0.139,0.349,"Spurs","San Antonio",240,0.141,0.36
"team",22200511,"OKC",1610612760,0.515,0.144,0.418,"Thunder","Oklahoma City",240,0.36,0.141
"team",22200505,"ORL",1610612753,0.639,0.137,0.302,"Magic","Orlando",240,0.298,0.189
"team",22200505,"LAL",1610612747,0.56,0.112,0.178,"Lakers","Los Angeles",240,0.189,0.298
"team",22200506,"WAS",1610612764,0.5,0.154,0.356,"Wizards","Washington",240,0.365,0.369
"team",22200506,"PHI",1610612755,0.524,0.175,0.367,"76ers","Philadelphia",240,0.369,0.365
"team",22200507,"HOU",1610612745,0.582,0.107,0.24,"Rockets","Houston",240,0.147,0.253
"team",22200507,"BOS",1610612738,0.474,0.145,0.281,"Celtics","Boston",240,0.253,0.147
"team",22200510,"PHX",1610612756,0.44,0.142,0.333,"Suns","Phoenix",240,0.287,0.374
"team",22200510,"MEM",1610612763,0.592,0.21,0.404,"Grizzlies","Memphis",240,0.374,0.287
"team",22200512,"NYK",1610612752,0.561,0.084,0.2,"Knicks","New York",265,0.233,0.367
"team",22200512,"DAL",1610612742,0.515,0.094,0.333,"Mavericks","Dallas",265,0.367,0.233
"team",22200520,"NOP",1610612740,0.566,0.107,0.178,"Pelicans","New Orleans",240,0.531,0.386
"team",22200520,"MIN",1610612750,0.549,0.142,0.277,"Timberwolves","Minnesota",240,0.386,0.531
"team",22200519,"MIL",1610612749,0.505,0.125,0.226,"Bucks","Milwaukee",265,0.291,0.326
"team",22200519,"CHI",1610612741,0.414,0.121,0.342,"Bulls","Chicago",265,0.326,0.291
"team",22200522,"SAC",1610612758,0.647,0.157,0.306,"Kings","Sacramento",240,0.281,0.212
"team",22200522,"DEN",1610612743,0.607,0.119,0.333,"Nuggets","Denver",240,0.212,0.281
"team",22200521,"UTA",1610612762,0.517,0.128,0.208,"Jazz","Utah",240,0.286,0.31
"team",22200521,"GSW",1610612744,0.489,0.115,0.224,"Warriors","Golden State",240,0.31,0.286
"team",22200515,"ORL",1610612753,0.563,0.131,0.292,"Magic","Orlando",240,0.4,0.5
"team",22200515,"DET",1610612765,0.441,0.133,0.296,"Pistons","Detroit",240,0.5,0.4
"team",22200517,"BKN",1610612751,0.474,0.04,0.271,"Nets","Brooklyn",240,0.205,0.227
"team",22200517,"ATL",1610612737,0.566,0.123,0.14,"Hawks","Atlanta",240,0.227,0.205
"team",22200518,"MIA",1610612748,0.565,0.256,0.333,"Heat","Miami",240,0.174,0.195
"team",22200518,"LAL",1610612747,0.538,0.063,0.28,"Lakers","Los Angeles",240,0.195,0.174
"team",22200516,"WAS",1610612764,0.523,0.117,0.314,"Wizards","Washington",240,0.341,0.184
"team",22200516,"PHX",1610612756,0.622,0.136,0.444,"Suns","Phoenix",240,0.184,0.341
"team",22200528,"HOU",1610612745,0.615,0.086,0.204,"Rockets","Houston",240,0.43,0.275
"team",22200528,"DAL",1610612742,0.512,0.126,0.281,"Mavericks","Dallas",240,0.275,0.43
"team",22200523,"OKC",1610612760,0.607,0.175,0.295,"Thunder","Oklahoma City",240,0.212,0.345
"team",22200523,"CHA",1610612766,0.48,0.11,0.305,"Hornets","Charlotte",240,0.345,0.212
"team",22200525,"LAC",1610612746,0.544,0.118,0.28,"Clippers","LA",240,0.157,0.242
"team",22200525,"BOS",1610612738,0.567,0.13,0.2,"Celtics","Boston",240,0.242,0.157
"team",22200526,"TOR",1610612761,0.574,0.16,0.4,"Raptors","Toronto",240,0.25,0.147
"team",22200526,"MEM",1610612763,0.458,0.082,0.328,"Grizzlies","Memphis",240,0.147,0.25
"team",22200527,"SAS",1610612759,0.506,0.125,0.345,"Spurs","San Antonio",240,0.33,0.344
"team",22200527,"NYK",1610612752,0.574,0.13,0.4,"Knicks","New York",240,0.344,0.33
"team",22200524,"IND",1610612754,0.583,0.111,0.375,"Pacers","Indiana",240,0.247,0.208
"team",22200524,"CLE",1610612739,0.676,0.091,0.162,"Cavaliers","Cleveland",240,0.208,0.247
"team",22200536,"POR",1610612757,0.555,0.135,0.365,"Trail Blazers","Portland",240,0.253,0.231
"team",22200536,"GSW",1610612744,0.527,0.16,0.389,"Warriors","Golden State",240,0.231,0.253
"team",22200535,"MIA",1610612748,0.704,0.199,0.212,"Heat","Miami",240,0.345,0.289
"team",22200535,"DEN",1610612743,0.529,0.144,0.292,"Nuggets","Denver",240,0.289,0.345
"team",22200534,"PHI",1610612755,0.631,0.136,0.302,"76ers","Philadelphia",240,0.293,0.45
"team",22200534,"NOP",1610612740,0.653,0.189,0.171,"Pelicans","New Orleans",240,0.45,0.293
"team",22200529,"WAS",1610612764,0.445,0.1,0.194,"Wizards","Washington",240,0.333,0.16
"team",22200529,"ORL",1610612753,0.66,0.241,0.167,"Magic","Orlando",240,0.16,0.333
"team",22200532,"DET",1610612765,0.641,0.139,0.385,"Pistons","Detroit",240,0.279,0.163
"team",22200532,"CHI",1610612741,0.576,0.161,0.375,"Bulls","Chicago",240,0.163,0.279
"team",22200531,"TOR",1610612761,0.592,0.272,0.351,"Raptors","Toronto",240,0.321,0.324
"team",22200531,"PHX",1610612756,0.562,0.124,0.209,"Suns","Phoenix",240,0.324,0.321
"team",22200530,"LAL",1610612747,0.53,0.093,0.246,"Lakers","Los Angeles",240,0.188,0.198
"team",22200530,"ATL",1610612737,0.594,0.148,0.333,"Hawks","Atlanta",240,0.198,0.188
"team",22200537,"UTA",1610612762,0.622,0.145,0.318,"Jazz","Utah",240,0.357,0.211
"team",22200537,"SAC",1610612758,0.595,0.126,0.231,"Kings","Sacramento",240,0.211,0.357
"team",22200533,"MIN",1610612750,0.538,0.194,0.426,"Timberwolves","Minnesota",240,0.37,0.355
"team",22200533,"MIL",1610612749,0.478,0.074,0.153,"Bucks","Milwaukee",240,0.355,0.37
"team",22200543,"NOP",1610612740,0.538,0.176,0.313,"Pelicans","New Orleans",240,0.396,0.239
"team",22200543,"MEM",1610612763,0.396,0.179,0.365,"Grizzlies","Memphis",240,0.239,0.396
"team",22200539,"CHA",1610612766,0.681,0.139,0.059,"Hornets","Charlotte",240,0.219,0.238
"team",22200539,"BKN",1610612751,0.453,0.116,0.288,"Nets","Brooklyn",240,0.238,0.219
"team",22200544,"MIN",1610612750,0.539,0.14,0.333,"Timberwolves","Minnesota",240,0.313,0.315
"team",22200544,"DET",1610612765,0.494,0.149,0.208,"Pistons","Detroit",240,0.315,0.313
"team",22200546,"UTA",1610612762,0.579,0.115,0.306,"Jazz","Utah",240,0.543,0.337
"team",22200546,"MIA",1610612748,0.537,0.159,0.417,"Heat","Miami",240,0.337,0.543
"team",22200540,"CLE",1610612739,0.525,0.154,0.205,"Cavaliers","Cleveland",240,0.224,0.296
"team",22200540,"CHI",1610612741,0.535,0.211,0.333,"Bulls","Chicago",240,0.296,0.224
"team",22200541,"NYK",1610612752,0.468,0.25,0.327,"Knicks","New York",240,0.356,0.299
"team",22200541,"HOU",1610612745,0.472,0.102,0.317,"Rockets","Houston",240,0.299,0.356
"team",22200542,"SAS",1610612759,0.663,0.053,0.195,"Spurs","San Antonio",240,0.376,0.244
"team",22200542,"DAL",1610612742,0.6,0.134,0.432,"Mavericks","Dallas",240,0.244,0.376
"team",22200545,"PHI",1610612755,0.446,0.156,0.279,"76ers","Philadelphia",240,0.172,0.239
"team",22200545,"OKC",1610612760,0.52,0.123,0.339,"Thunder","Oklahoma City",240,0.239,0.172
"team",22200538,"LAC",1610612746,0.602,0.115,0.273,"Clippers","LA",240,0.363,0.33
"team",22200538,"IND",1610612754,0.638,0.159,0.211,"Pacers","Indiana",240,0.33,0.363
"team",22200547,"SAC",1610612758,0.51,0.118,0.414,"Kings","Sacramento",240,0.156,0.24
"team",22200547,"MEM",1610612763,0.484,0.153,0.333,"Grizzlies","Memphis",240,0.24,0.156
"team",22200549,"DEN",1610612743,0.511,0.128,0.25,"Nuggets","Denver",240,0.228,0.31
"team",22200549,"BOS",1610612738,0.677,0.165,0.114,"Celtics","Boston",240,0.31,0.228
"team",22200548,"WAS",1610612764,0.422,0.153,0.286,"Wizards","Washington",240,0.17,0.156
"team",22200548,"MIL",1610612749,0.569,0.168,0.354,"Bucks","Milwaukee",240,0.156,0.17
"team",22200558,"GSW",1610612744,0.537,0.104,0.207,"Warriors","Golden State",290,0.198,0.266
"team",22200558,"ATL",1610612737,0.525,0.149,0.366,"Hawks","Atlanta",290,0.266,0.198
"team",22200550,"PHX",1610612756,0.574,0.091,0.238,"Suns","Phoenix",240,0.08,0.338
"team",22200550,"NYK",1610612752,0.448,0.086,0.222,"Knicks","New York",240,0.338,0.08
"team",22200560,"MIA",1610612748,0.522,0.16,0.098,"Heat","Miami",240,0.282,0.507
"team",22200560,"LAC",1610612746,0.529,0.116,0.292,"Clippers","LA",240,0.507,0.282
"team",22200554,"PHI",1610612755,0.565,0.17,0.333,"76ers","Philadelphia",240,0.326,0.238
"team",22200554,"NOP",1610612740,0.564,0.099,0.188,"Pelicans","New Orleans",240,0.238,0.326
"team",22200551,"LAL",1610612747,0.511,0.125,0.193,"Lakers","Los Angeles",240,0.323,0.312
"team",22200551,"CHA",1610612766,0.538,0.134,0.222,"Hornets","Charlotte",240,0.312,0.323
"team",22200553,"TOR",1610612761,0.538,0.127,0.438,"Raptors","Toronto",240,0.253,0.28
"team",22200553,"IND",1610612754,0.527,0.11,0.259,"Pacers","Indiana",240,0.28,0.253
"team",22200555,"SAS",1610612759,0.683,0.123,0.216,"Spurs","San Antonio",240,0.186,0.161
"team",22200555,"BKN",1610612751,0.474,0.167,0.317,"Nets","Brooklyn",240,0.161,0.186
"team",22200557,"MIN",1610612750,0.522,0.155,0.353,"Timberwolves","Minnesota",240,0.31,0.22
"team",22200557,"DEN",1610612743,0.592,0.12,0.341,"Nuggets","Denver",240,0.22,0.31
"team",22200556,"HOU",1610612745,0.5,0.083,0.2,"Rockets","Houston",240,0.354,0.42
"team",22200556,"DAL",1610612742,0.518,0.103,0.208,"Mavericks","Dallas",240,0.42,0.354
"team",22200552,"CLE",1610612739,0.547,0.063,0.235,"Cavaliers","Cleveland",265,0.489,0.358
"team",22200552,"CHI",1610612741,0.609,0.092,0.269,"Bulls","Chicago",265,0.358,0.489
"team",22200559,"POR",1610612757,0.451,0.187,0.235,"Trail Blazers","Portland",240,0.417,0.5
"team",22200559,"DET",1610612765,0.655,0.162,0.156,"Pistons","Detroit",240,0.5,0.417
"team",22200563,"UTA",1610612762,0.587,0.172,0.238,"Jazz","Utah",240,0.33,0.209
"team",22200563,"SAC",1610612758,0.506,0.153,0.314,"Kings","Sacramento",240,0.209,0.33
"team",22200562,"OKC",1610612760,0.523,0.158,0.26,"Thunder","Oklahoma City",240,0.224,0.352
"team",22200562,"BOS",1610612738,0.694,0.116,0.341,"Celtics","Boston",240,0.352,0.224
"team",22200561,"WAS",1610612764,0.535,0.115,0.346,"Wizards","Washington",240,0.237,0.17
"team",22200561,"MIL",1610612749,0.474,0.097,0.309,"Bucks","Milwaukee",240,0.17,0.237
"team",22200570,"CHI",1610612741,0.527,0.104,0.118,"Bulls","Chicago",240,0.358,0.231
"team",22200570,"BKN",1610612751,0.58,0.162,0.205,"Nets","Brooklyn",240,0.231,0.358
"team",22200571,"POR",1610612757,0.572,0.152,0.333,"Trail Blazers","Portland",240,0.56,0.474
"team",22200571,"MIN",1610612750,0.5,0.181,0.362,"Timberwolves","Minnesota",240,0.474,0.56
"team",22200564,"MEM",1610612763,0.463,0.113,0.172,"Grizzlies","Memphis",240,0.394,0.255
"team",22200564,"CHA",1610612766,0.548,0.124,0.314,"Hornets","Charlotte",240,0.255,0.394
"team",22200565,"PHX",1610612756,0.461,0.158,0.196,"Suns","Phoenix",240,0.222,0.299
"team",22200565,"CLE",1610612739,0.457,0.156,0.212,"Cavaliers","Cleveland",240,0.299,0.222
"team",22200566,"ORL",1610612753,0.489,0.088,0.278,"Magic","Orlando",240,0.444,0.348
"team",22200566,"OKC",1610612760,0.599,0.169,0.357,"Thunder","Oklahoma City",240,0.348,0.444
"team",22200567,"PHI",1610612755,0.542,0.122,0.353,"76ers","Philadelphia",265,0.224,0.274
"team",22200567,"IND",1610612754,0.561,0.105,0.327,"Pacers","Indiana",265,0.274,0.224
"team",22200572,"NOP",1610612740,0.511,0.129,0.283,"Pelicans","New Orleans",240,0.292,0.307
"team",22200572,"HOU",1610612745,0.539,0.149,0.36,"Rockets","Houston",240,0.307,0.292
"team",22200568,"SAS",1610612759,0.532,0.133,0.415,"Spurs","San Antonio",240,0.317,0.277
"team",22200568,"NYK",1610612752,0.567,0.168,0.222,"Knicks","New York",240,0.277,0.317
"team",22200574,"MIA",1610612748,0.543,0.166,0.279,"Heat","Miami",240,0.221,0.37
"team",22200574,"LAL",1610612747,0.495,0.126,0.345,"Lakers","Los Angeles",240,0.37,0.221
"team",22200573,"GSW",1610612744,0.576,0.099,0.286,"Warriors","Golden State",240,0.172,0.25
"team",22200573,"DET",1610612765,0.603,0.142,0.238,"Pistons","Detroit",240,0.25,0.172
"team",22200575,"SAC",1610612758,0.595,0.156,0.22,"Kings","Sacramento",240,0.307,0.262
"team",22200575,"ATL",1610612737,0.523,0.109,0.229,"Hawks","Atlanta",240,0.262,0.307
"team",22200569,"TOR",1610612761,0.472,0.241,0.316,"Raptors","Toronto",265,0.172,0.341
"team",22200569,"MIL",1610612749,0.366,0.075,0.259,"Bucks","Milwaukee",265,0.341,0.172
"team",22200578,"UTA",1610612762,0.495,0.144,0.327,"Jazz","Utah",240,0.226,0.283
"team",22200578,"HOU",1610612745,0.597,0.079,0.213,"Rockets","Houston",240,0.283,0.226
"team",22200576,"ORL",1610612753,0.587,0.123,0.292,"Magic","Orlando",240,0.357,0.25
"team",22200576,"MEM",1610612763,0.53,0.109,0.184,"Grizzlies","Memphis",240,0.25,0.357
"team",22200577,"DAL",1610612742,0.583,0.112,0.244,"Mavericks","Dallas",240,0.278,0.369
"team",22200577,"BOS",1610612738,0.417,0.109,0.241,"Celtics","Boston",240,0.369,0.278
"team",22200579,"LAC",1610612746,0.584,0.12,0.277,"Clippers","LA",240,0.275,0.236
"team",22200579,"DEN",1610612743,0.401,0.078,0.213,"Nuggets","Denver",240,0.236,0.275
"team",22200590,"LAL",1610612747,0.505,0.108,0.182,"Lakers","Los Angeles",240,0.172,0.229
"team",22200590,"ATL",1610612737,0.634,0.162,0.227,"Hawks","Atlanta",240,0.229,0.172
"team",22200589,"PHX",1610612756,0.5,0.13,0.174,"Suns","Phoenix",240,0.305,0.397
"team",22200589,"MIA",1610612748,0.451,0.141,0.25,"Heat","Miami",240,0.397,0.305
"team",22200587,"MIN",1610612750,0.485,0.096,0.361,"Timberwolves","Minnesota",240,0.358,0.27
"team",22200587,"LAC",1610612746,0.648,0.193,0.342,"Clippers","LA",240,0.27,0.358
"team",22200588,"DEN",1610612743,0.511,0.077,0.357,"Nuggets","Denver",240,0.284,0.364
"team",22200588,"CLE",1610612739,0.636,0.152,0.415,"Cavaliers","Cleveland",240,0.364,0.284
"team",22200583,"MIL",1610612749,0.618,0.049,0.308,"Bucks","Milwaukee",240,0.286,0.186
"team",22200583,"CHA",1610612766,0.56,0.171,0.269,"Hornets","Charlotte",240,0.186,0.286
"team",22200585,"SAS",1610612759,0.532,0.158,0.302,"Spurs","San Antonio",240,0.321,0.183
"team",22200585,"DET",1610612765,0.611,0.174,0.289,"Pistons","Detroit",240,0.183,0.321
"team",22200584,"WAS",1610612764,0.597,0.097,0.26,"Wizards","Washington",240,0.456,0.143
"team",22200584,"OKC",1610612760,0.525,0.193,0.304,"Thunder","Oklahoma City",240,0.143,0.456
"team",22200586,"NOP",1610612740,0.524,0.134,0.245,"Pelicans","New Orleans",240,0.284,0.235
"team",22200586,"BKN",1610612751,0.466,0.158,0.364,"Nets","Brooklyn",240,0.235,0.284
"team",22200582,"TOR",1610612761,0.566,0.138,0.32,"Raptors","Toronto",240,0.422,0.313
"team",22200582,"NYK",1610612752,0.482,0.075,0.245,"Knicks","New York",240,0.313,0.422
"team",22200581,"PHI",1610612755,0.69,0.126,0.231,"76ers","Philadelphia",240,0.196,0.202
"team",22200581,"CHI",1610612741,0.533,0.074,0.264,"Bulls","Chicago",240,0.202,0.196
"team",22200580,"POR",1610612757,0.494,0.132,0.146,"Trail Blazers","Portland",240,0.181,0.333
"team",22200580,"IND",1610612754,0.452,0.167,0.263,"Pacers","Indiana",240,0.333,0.181
"team",22200591,"SAS",1610612759,0.574,0.129,0.231,"Spurs","San Antonio",240,0.14,0.189
"team",22200591,"BOS",1610612738,0.525,0.121,0.302,"Celtics","Boston",240,0.189,0.14
"team",22200595,"SAC",1610612758,0.665,0.164,0.333,"Kings","Sacramento",240,0.43,0.402
"team",22200595,"LAL",1610612747,0.605,0.136,0.37,"Lakers","Los Angeles",240,0.402,0.43
"team",22200594,"ORL",1610612753,0.477,0.156,0.276,"Magic","Orlando",240,0.276,0.239
"team",22200594,"GSW",1610612744,0.58,0.108,0.184,"Warriors","Golden State",240,0.239,0.276
"team",22200593,"NOP",1610612740,0.655,0.165,0.194,"Pelicans","New Orleans",240,0.372,0.514
"team",22200593,"DAL",1610612742,0.505,0.121,0.364,"Mavericks","Dallas",240,0.514,0.372
"team",22200592,"UTA",1610612762,0.608,0.1,0.182,"Jazz","Utah",240,0.194,0.386
"team",22200592,"CHI",1610612741,0.559,0.096,0.224,"Bulls","Chicago",240,0.386,0.194
"team",22200602,"OKC",1610612760,0.521,0.135,0.234,"Thunder","Oklahoma City",240,0.211,0.575
"team",22200602,"DAL",1610612742,0.547,0.08,0.294,"Mavericks","Dallas",240,0.575,0.211
"team",22200601,"MIN",1610612750,0.489,0.193,0.316,"Timberwolves","Minnesota",240,0.275,0.169
"team",22200601,"HOU",1610612745,0.538,0.191,0.273,"Rockets","Houston",240,0.169,0.275
"team",22200599,"MIA",1610612748,0.592,0.199,0.282,"Heat","Miami",240,0.185,0.197
"team",22200599,"BKN",1610612751,0.484,0.126,0.351,"Nets","Brooklyn",240,0.197,0.185
"team",22200597,"TOR",1610612761,0.507,0.226,0.318,"Raptors","Toronto",240,0.319,0.487
"team",22200597,"POR",1610612757,0.505,0.099,0.302,"Trail Blazers","Portland",240,0.487,0.319
"team",22200596,"PHI",1610612755,0.552,0.213,0.311,"76ers","Philadelphia",240,0.245,0.207
"team",22200596,"DET",1610612765,0.548,0.134,0.32,"Pistons","Detroit",240,0.207,0.245
"team",22200604,"LAC",1610612746,0.539,0.09,0.167,"Clippers","LA",240,0.326,0.225
"team",22200604,"ATL",1610612737,0.442,0.112,0.367,"Hawks","Atlanta",240,0.225,0.326
"team",22200603,"PHX",1610612756,0.647,0.145,0.162,"Suns","Phoenix",240,0.131,0.218
"team",22200603,"CLE",1610612739,0.524,0.162,0.208,"Cavaliers","Cleveland",240,0.218,0.131
"team",22200600,"UTA",1610612762,0.525,0.092,0.305,"Jazz","Utah",240,0.25,0.216
"team",22200600,"MEM",1610612763,0.568,0.19,0.289,"Grizzlies","Memphis",240,0.216,0.25
"team",22200598,"IND",1610612754,0.494,0.172,0.321,"Pacers","Indiana",240,0.379,0.307
"team",22200598,"CHA",1610612766,0.511,0.146,0.264,"Hornets","Charlotte",240,0.307,0.379
"team",22200607,"NYK",1610612752,0.545,0.142,0.327,"Knicks","New York",240,0.22,0.202
"team",22200607,"MIL",1610612749,0.435,0.071,0.365,"Bucks","Milwaukee",240,0.202,0.22
"team",22200605,"WAS",1610612764,0.581,0.096,0.34,"Wizards","Washington",240,0.22,0.333
"team",22200605,"NOP",1610612740,0.598,0.194,0.214,"Pelicans","New Orleans",240,0.333,0.22
"team",22200608,"SAS",1610612759,0.555,0.128,0.327,"Spurs","San Antonio",240,0.165,0.385
"team",22200608,"MEM",1610612763,0.51,0.132,0.255,"Grizzlies","Memphis",240,0.385,0.165
"team",22200610,"SAC",1610612758,0.533,0.126,0.235,"Kings","Sacramento",240,0.124,0.222
"team",22200610,"ORL",1610612753,0.655,0.108,0.261,"Magic","Orlando",240,0.222,0.124
"team",22200609,"LAL",1610612747,0.54,0.155,0.315,"Lakers","Los Angeles",240,0.269,0.172
"team",22200609,"DEN",1610612743,0.484,0.131,0.2,"Nuggets","Denver",240,0.172,0.269
"team",22200606,"CHI",1610612741,0.5,0.094,0.22,"Bulls","Chicago",240,0.163,0.241
"team",22200606,"BOS",1610612738,0.523,0.085,0.14,"Celtics","Boston",240,0.241,0.163
"team",22200615,"PHX",1610612756,0.479,0.156,0.311,"Suns","Phoenix",240,0.344,0.281
"team",22200615,"GSW",1610612744,0.533,0.206,0.4,"Warriors","Golden State",240,0.281,0.344
"team",22200611,"OKC",1610612760,0.456,0.193,0.354,"Thunder","Oklahoma City",240,0.231,0.506
"team",22200611,"MIA",1610612748,0.533,0.181,0.408,"Heat","Miami",240,0.506,0.231
"team",22200613,"TOR",1610612761,0.634,0.104,0.214,"Raptors","Toronto",240,0.297,0.174
"team",22200613,"CHA",1610612766,0.604,0.115,0.396,"Hornets","Charlotte",240,0.174,0.297
"team",22200616,"POR",1610612757,0.571,0.162,0.25,"Trail Blazers","Portland",240,0.218,0.321
"team",22200616,"ORL",1610612753,0.517,0.171,0.356,"Magic","Orlando",240,0.321,0.218
"team",22200612,"PHI",1610612755,0.483,0.097,0.164,"76ers","Philadelphia",240,0.337,0.404
"team",22200612,"DET",1610612765,0.669,0.171,0.361,"Pistons","Detroit",240,0.404,0.337
"team",22200614,"UTA",1610612762,0.522,0.051,0.18,"Jazz","Utah",240,0.425,0.267
"team",22200614,"CLE",1610612739,0.494,0.153,0.385,"Cavaliers","Cleveland",240,0.267,0.425
"team",22200617,"LAC",1610612746,0.522,0.128,0.209,"Clippers","LA",240,0.349,0.522
"team",22200617,"DAL",1610612742,0.523,0.103,0.353,"Mavericks","Dallas",240,0.522,0.349
"team",22200623,"SAS",1610612759,0.584,0.128,0.377,"Spurs","San Antonio",240,0.215,0.248
"team",22200623,"MEM",1610612763,0.519,0.107,0.322,"Grizzlies","Memphis",240,0.248,0.215
"team",22200624,"PHX",1610612756,0.653,0.112,0.286,"Suns","Phoenix",240,0.156,0.247
"team",22200624,"DEN",1610612743,0.483,0.198,0.385,"Nuggets","Denver",240,0.247,0.156
"team",22200625,"SAC",1610612758,0.542,0.128,0.259,"Kings","Sacramento",240,0.33,0.177
"team",22200625,"HOU",1610612745,0.58,0.084,0.245,"Rockets","Houston",240,0.177,0.33
"team",22200620,"MIL",1610612749,0.511,0.11,0.12,"Bucks","Milwaukee",240,0.112,0.207
"team",22200620,"ATL",1610612737,0.551,0.11,0.286,"Hawks","Atlanta",240,0.207,0.112
"team",22200622,"NYK",1610612752,0.544,0.125,0.18,"Knicks","New York",240,0.393,0.233
"team",22200622,"IND",1610612754,0.542,0.148,0.292,"Pacers","Indiana",240,0.233,0.393
"team",22200621,"NOP",1610612740,0.566,0.09,0.271,"Pelicans","New Orleans",240,0.195,0.275
"team",22200621,"BOS",1610612738,0.58,0.09,0.089,"Celtics","Boston",240,0.275,0.195
"team",22200618,"MIN",1610612750,0.706,0.166,0.265,"Timberwolves","Minnesota",240,0.239,0.35
"team",22200618,"DET",1610612765,0.58,0.184,0.347,"Pistons","Detroit",240,0.35,0.239
"team",22200619,"WAS",1610612764,0.517,0.125,0.18,"Wizards","Washington",240,0.256,0.102
"team",22200619,"CHI",1610612741,0.506,0.185,0.277,"Bulls","Chicago",240,0.102,0.256
"team",22200626,"PHI",1610612755,0.593,0.103,0.233,"76ers","Philadelphia",240,0.307,0.384
"team",22200626,"OKC",1610612760,0.506,0.158,0.26,"Thunder","Oklahoma City",240,0.384,0.307
"team",22200629,"TOR",1610612761,0.617,0.216,0.341,"Raptors","Toronto",240,0.434,0.351
"team",22200629,"CHA",1610612766,0.578,0.09,0.233,"Hornets","Charlotte",240,0.351,0.434
"team",22200628,"MIL",1610612749,0.489,0.134,0.377,"Bucks","Milwaukee",240,0.172,0.168
"team",22200628,"MIA",1610612748,0.529,0.114,0.2,"Heat","Miami",240,0.168,0.172
"team",22200627,"BOS",1610612738,0.53,0.124,0.17,"Celtics","Boston",240,0.198,0.131
"team",22200627,"BKN",1610612751,0.547,0.147,0.326,"Nets","Brooklyn",240,0.131,0.198
"team",22200630,"LAL",1610612747,0.573,0.159,0.1,"Lakers","Los Angeles",290,0.241,0.177
"team",22200630,"DAL",1610612742,0.438,0.083,0.233,"Mavericks","Dallas",290,0.177,0.241
"team",22200631,"POR",1610612757,0.534,0.108,0.286,"Trail Blazers","Portland",240,0.372,0.348
"team",22200631,"CLE",1610612739,0.583,0.165,0.171,"Cavaliers","Cleveland",240,0.348,0.372
"team",22200640,"SAC",1610612758,0.538,0.143,0.345,"Kings","Sacramento",240,0.337,0.275
"team",22200640,"HOU",1610612745,0.663,0.142,0.4,"Rockets","Houston",240,0.275,0.337
"team",22200639,"LAC",1610612746,0.585,0.117,0.244,"Clippers","LA",240,0.161,0.305
"team",22200639,"DEN",1610612743,0.529,0.127,0.298,"Nuggets","Denver",240,0.305,0.161
"team",22200638,"UTA",1610612762,0.51,0.14,0.237,"Jazz","Utah",240,0.482,0.167
"team",22200638,"ORL",1610612753,0.5,0.223,0.38,"Magic","Orlando",240,0.167,0.482
"team",22200637,"PHX",1610612756,0.578,0.137,0.244,"Suns","Phoenix",240,0.279,0.222
"team",22200637,"MIN",1610612750,0.558,0.178,0.244,"Timberwolves","Minnesota",240,0.222,0.279
"team",22200635,"SAS",1610612759,0.634,0.117,0.277,"Spurs","San Antonio",240,0.386,0.198
"team",22200635,"GSW",1610612744,0.5,0.135,0.189,"Warriors","Golden State",240,0.198,0.386
"team",22200633,"IND",1610612754,0.521,0.136,0.364,"Pacers","Indiana",240,0.287,0.223
"team",22200633,"ATL",1610612737,0.431,0.112,0.406,"Hawks","Atlanta",240,0.223,0.287
"team",22200634,"WAS",1610612764,0.489,0.071,0.309,"Wizards","Washington",240,0.28,0.337
"team",22200634,"NYK",1610612752,0.457,0.08,0.288,"Knicks","New York",240,0.337,0.28
"team",22200632,"NOP",1610612740,0.517,0.122,0.157,"Pelicans","New Orleans",240,0.349,0.267
"team",22200632,"DET",1610612765,0.552,0.157,0.25,"Pistons","Detroit",240,0.267,0.349
"team",22200636,"OKC",1610612760,0.518,0.158,0.271,"Thunder","Oklahoma City",240,0.239,0.282
"team",22200636,"CHI",1610612741,0.571,0.109,0.319,"Bulls","Chicago",240,0.282,0.239
"team",22200642,"CHA",1610612766,0.571,0.073,0.283,"Hornets","Charlotte",240,0.216,0.101
"team",22200642,"BOS",1610612738,0.511,0.113,0.234,"Celtics","Boston",240,0.101,0.216
"team",22200647,"POR",1610612757,0.659,0.111,0.091,"Trail Blazers","Portland",240,0.25,0.232
"team",22200647,"DAL",1610612742,0.653,0.12,0.325,"Mavericks","Dallas",240,0.232,0.25
"team",22200646,"UTA",1610612762,0.545,0.08,0.216,"Jazz","Utah",240,0.256,0.292
"team",22200646,"PHI",1610612755,0.544,0.118,0.333,"76ers","Philadelphia",240,0.292,0.256
"team",22200645,"MIN",1610612750,0.539,0.187,0.225,"Timberwolves","Minnesota",240,0.188,0.303
"team",22200645,"CLE",1610612739,0.619,0.154,0.158,"Cavaliers","Cleveland",240,0.303,0.188
"team",22200644,"TOR",1610612761,0.577,0.121,0.167,"Raptors","Toronto",240,0.345,0.214
"team",22200644,"ATL",1610612737,0.454,0.136,0.34,"Hawks","Atlanta",240,0.214,0.345
"team",22200641,"MIL",1610612749,0.58,0.122,0.326,"Bucks","Milwaukee",240,0.143,0.138
"team",22200641,"MIA",1610612748,0.518,0.108,0.216,"Heat","Miami",240,0.138,0.143
"team",22200643,"MEM",1610612763,0.422,0.168,0.369,"Grizzlies","Memphis",240,0.322,0.272
"team",22200643,"IND",1610612754,0.621,0.148,0.19,"Pacers","Indiana",240,0.272,0.322
"team",22200648,"NYK",1610612752,0.554,0.13,0.229,"Knicks","New York",240,0.352,0.181
"team",22200648,"DET",1610612765,0.523,0.087,0.373,"Pistons","Detroit",240,0.181,0.352
"team",22200650,"GSW",1610612744,0.584,0.092,0.213,"Warriors","Golden State",240,0.265,0.253
"team",22200650,"CHI",1610612741,0.62,0.212,0.217,"Bulls","Chicago",240,0.253,0.265
"team",22200652,"SAS",1610612759,0.629,0.061,0.233,"Spurs","San Antonio",240,0.215,0.281
"team",22200652,"SAC",1610612758,0.57,0.099,0.32,"Kings","Sacramento",240,0.281,0.215
"team",22200653,"ORL",1610612753,0.612,0.158,0.333,"Magic","Orlando",240,0.405,0.213
"team",22200653,"DEN",1610612743,0.53,0.128,0.311,"Nuggets","Denver",240,0.213,0.405
"team",22200654,"POR",1610612757,0.539,0.09,0.3,"Trail Blazers","Portland",240,0.494,0.371
"team",22200654,"DAL",1610612742,0.606,0.077,0.302,"Mavericks","Dallas",240,0.371,0.494
"team",22200655,"PHI",1610612755,0.586,0.11,0.146,"76ers","Philadelphia",240,0.224,0.149
"team",22200655,"LAL",1610612747,0.576,0.102,0.205,"Lakers","Los Angeles",240,0.149,0.224
"team",22200651,"OKC",1610612760,0.495,0.158,0.298,"Thunder","Oklahoma City",240,0.289,0.209
"team",22200651,"BKN",1610612751,0.511,0.091,0.269,"Nets","Brooklyn",240,0.209,0.289
"team",22200649,"LAC",1610612746,0.494,0.192,0.26,"Clippers","LA",240,0.239,0.274
"team",22200649,"HOU",1610612745,0.602,0.165,0.289,"Rockets","Houston",240,0.274,0.239
"team",22200657,"MIL",1610612749,0.625,0.156,0.119,"Bucks","Milwaukee",240,0.165,0.179
"team",22200657,"IND",1610612754,0.654,0.136,0.267,"Pacers","Indiana",240,0.179,0.165
"team",22200660,"WAS",1610612764,0.593,0.116,0.217,"Wizards","Washington",240,0.267,0.231
"team",22200660,"GSW",1610612744,0.57,0.134,0.205,"Warriors","Golden State",240,0.231,0.267
"team",22200661,"MIA",1610612748,0.678,0.161,0.114,"Heat","Miami",240,0.225,0.289
"team",22200661,"ATL",1610612737,0.528,0.157,0.348,"Hawks","Atlanta",240,0.289,0.225
"team",22200663,"PHX",1610612756,0.612,0.105,0.327,"Suns","Phoenix",240,0.213,0.204
"team",22200663,"MEM",1610612763,0.494,0.145,0.235,"Grizzlies","Memphis",240,0.204,0.213
"team",22200664,"LAL",1610612747,0.545,0.076,0.418,"Lakers","Los Angeles",240,0.385,0.31
"team",22200664,"HOU",1610612745,0.604,0.02,0.25,"Rockets","Houston",240,0.31,0.385
"team",22200659,"TOR",1610612761,0.47,0.113,0.443,"Raptors","Toronto",265,0.427,0.354
"team",22200659,"NYK",1610612752,0.464,0.057,0.371,"Knicks","New York",265,0.354,0.427
"team",22200658,"NOP",1610612740,0.544,0.155,0.341,"Pelicans","New Orleans",240,0.293,0.413
"team",22200658,"CLE",1610612739,0.573,0.172,0.175,"Cavaliers","Cleveland",240,0.413,0.293
"team",22200662,"UTA",1610612762,0.545,0.061,0.351,"Jazz","Utah",240,0.333,0.178
"team",22200662,"MIN",1610612750,0.613,0.179,0.405,"Timberwolves","Minnesota",240,0.178,0.333
"team",22200656,"CHA",1610612766,0.609,0.125,0.386,"Hornets","Charlotte",240,0.333,0.287
"team",22200656,"BOS",1610612738,0.528,0.053,0.294,"Celtics","Boston",240,0.287,0.333
"team",22200668,"PHI",1610612755,0.573,0.187,0.372,"76ers","Philadelphia",240,0.466,0.244
"team",22200668,"LAC",1610612746,0.623,0.158,0.278,"Clippers","LA",240,0.244,0.466
"team",22200665,"TOR",1610612761,0.645,0.119,0.244,"Raptors","Toronto",240,0.267,0.244
"team",22200665,"MIL",1610612749,0.52,0.088,0.383,"Bucks","Milwaukee",240,0.244,0.267
"team",22200667,"POR",1610612757,0.563,0.118,0.34,"Trail Blazers","Portland",240,0.301,0.318
"team",22200667,"DEN",1610612743,0.536,0.127,0.222,"Nuggets","Denver",240,0.318,0.301
"team",22200666,"SAS",1610612759,0.438,0.192,0.212,"Spurs","San Antonio",240,0.289,0.273
"team",22200666,"BKN",1610612751,0.418,0.142,0.344,"Nets","Brooklyn",240,0.273,0.289
"team",22200677,"SAC",1610612758,0.545,0.071,0.245,"Kings","Sacramento",240,0.31,0.202
"team",22200677,"LAL",1610612747,0.546,0.115,0.319,"Lakers","Los Angeles",240,0.202,0.31
"team",22200676,"MIN",1610612750,0.576,0.149,0.386,"Timberwolves","Minnesota",240,0.346,0.376
"team",22200676,"DEN",1610612743,0.593,0.189,0.326,"Nuggets","Denver",240,0.376,0.346
"team",22200675,"UTA",1610612762,0.484,0.132,0.368,"Jazz","Utah",240,0.253,0.228
"team",22200675,"LAC",1610612746,0.626,0.084,0.239,"Clippers","LA",240,0.228,0.253
"team",22200674,"OKC",1610612760,0.479,0.221,0.466,"Thunder","Oklahoma City",240,0.226,0.255
"team",22200674,"IND",1610612754,0.591,0.176,0.327,"Pacers","Indiana",240,0.255,0.226
"team",22200673,"NOP",1610612740,0.596,0.108,0.348,"Pelicans","New Orleans",240,0.225,0.17
"team",22200673,"MIA",1610612748,0.544,0.186,0.25,"Heat","Miami",240,0.17,0.225
"team",22200672,"MEM",1610612763,0.61,0.191,0.333,"Grizzlies","Memphis",240,0.227,0.256
"team",22200672,"CLE",1610612739,0.51,0.08,0.368,"Cavaliers","Cleveland",240,0.256,0.227
"team",22200670,"DAL",1610612742,0.645,0.12,0.324,"Mavericks","Dallas",240,0.286,0.233
"team",22200670,"ATL",1610612737,0.619,0.159,0.326,"Hawks","Atlanta",240,0.233,0.286
"team",22200669,"WAS",1610612764,0.453,0.093,0.349,"Wizards","Washington",240,0.2,0.281
"team",22200669,"NYK",1610612752,0.526,0.141,0.455,"Knicks","New York",240,0.281,0.2
"team",22200671,"HOU",1610612745,0.547,0.094,0.25,"Rockets","Houston",240,0.22,0.26
"team",22200671,"CHA",1610612766,0.56,0.186,0.348,"Hornets","Charlotte",240,0.26,0.22
"team",22200678,"DET",1610612765,0.582,0.134,0.25,"Pistons","Detroit",240,0.278,0.228
"team",22200678,"CHI",1610612741,0.443,0.156,0.383,"Bulls","Chicago",240,0.228,0.278
"team",22200681,"PHX",1610612756,0.591,0.125,0.114,"Suns","Phoenix",240,0.482,0.305
"team",22200681,"BKN",1610612751,0.524,0.149,0.333,"Nets","Brooklyn",240,0.305,0.482
"team",22200679,"GSW",1610612744,0.458,0.141,0.358,"Warriors","Golden State",265,0.23,0.278
"team",22200679,"BOS",1610612738,0.49,0.135,0.197,"Celtics","Boston",265,0.278,0.23
"team",22200680,"TOR",1610612761,0.601,0.141,0.311,"Raptors","Toronto",240,0.31,0.258
"team",22200680,"MIN",1610612750,0.609,0.15,0.295,"Timberwolves","Minnesota",240,0.258,0.31
"team",22200682,"POR",1610612757,0.556,0.151,0.238,"Trail Blazers","Portland",240,0.341,0.235
"team",22200682,"PHI",1610612755,0.429,0.159,0.333,"76ers","Philadelphia",240,0.235,0.341
"team",22200691,"SAC",1610612758,0.57,0.091,0.176,"Kings","Sacramento",240,0.322,0.118
"team",22200691,"OKC",1610612760,0.54,0.148,0.375,"Thunder","Oklahoma City",240,0.118,0.322
"team",22200690,"MEM",1610612763,0.478,0.09,0.3,"Grizzlies","Memphis",240,0.392,0.441
"team",22200690,"LAL",1610612747,0.466,0.128,0.441,"Lakers","Los Angeles",240,0.441,0.392
"team",22200688,"IND",1610612754,0.699,0.179,0.324,"Pacers","Indiana",240,0.44,0.313
"team",22200688,"DEN",1610612743,0.488,0.199,0.431,"Nuggets","Denver",240,0.313,0.44
"team",22200689,"UTA",1610612762,0.65,0.117,0.186,"Jazz","Utah",240,0.261,0.25
"team",22200689,"BKN",1610612751,0.511,0.114,0.309,"Nets","Brooklyn",240,0.25,0.261
"team",22200687,"SAS",1610612759,0.722,0.103,0.333,"Spurs","San Antonio",240,0.157,0.247
"team",22200687,"LAC",1610612746,0.652,0.078,0.385,"Clippers","LA",240,0.247,0.157
"team",22200686,"MIA",1610612748,0.575,0.108,0.244,"Heat","Miami",240,0.391,0.35
"team",22200686,"DAL",1610612742,0.507,0.174,0.231,"Mavericks","Dallas",240,0.35,0.391
"team",22200685,"GSW",1610612744,0.583,0.154,0.256,"Warriors","Golden State",240,0.221,0.226
"team",22200685,"CLE",1610612739,0.622,0.183,0.378,"Cavaliers","Cleveland",240,0.226,0.221
"team",22200684,"NYK",1610612752,0.625,0.07,0.422,"Knicks","New York",240,0.205,0.16
"team",22200684,"ATL",1610612737,0.669,0.128,0.27,"Hawks","Atlanta",240,0.16,0.205
"team",22200683,"ORL",1610612753,0.505,0.108,0.278,"Magic","Orlando",240,0.453,0.264
"team",22200683,"NOP",1610612740,0.62,0.15,0.179,"Pelicans","New Orleans",240,0.264,0.453
"team",22200693,"WAS",1610612764,0.544,0.107,0.24,"Wizards","Washington",240,0.263,0.267
"team",22200693,"ORL",1610612753,0.632,0.076,0.292,"Magic","Orlando",240,0.267,0.263
"team",22200695,"MIL",1610612749,0.599,0.096,0.268,"Bucks","Milwaukee",240,0.128,0.198
"team",22200695,"CLE",1610612739,0.535,0.16,0.298,"Cavaliers","Cleveland",240,0.198,0.128
"team",22200694,"CHA",1610612766,0.608,0.173,0.171,"Hornets","Charlotte",240,0.247,0.241
"team",22200694,"ATL",1610612737,0.579,0.115,0.205,"Hawks","Atlanta",240,0.241,0.247
"team",22200692,"TOR",1610612761,0.541,0.157,0.25,"Raptors","Toronto",240,0.081,0.176
"team",22200692,"BOS",1610612738,0.576,0.144,0.195,"Celtics","Boston",240,0.176,0.081
"team",22200698,"SAC",1610612758,0.591,0.147,0.422,"Kings","Sacramento",240,0.345,0.247
"team",22200698,"PHI",1610612755,0.625,0.088,0.195,"76ers","Philadelphia",240,0.247,0.345
"team",22200697,"PHX",1610612756,0.443,0.135,0.306,"Suns","Phoenix",240,0.385,0.271
"team",22200697,"IND",1610612754,0.484,0.14,0.322,"Pacers","Indiana",240,0.271,0.385
"team",22200696,"MIN",1610612750,0.538,0.227,0.36,"Timberwolves","Minnesota",240,0.289,0.418
"team",22200696,"HOU",1610612745,0.56,0.117,0.106,"Rockets","Houston",240,0.418,0.289
"team",22200702,"OKC",1610612760,0.5,0.094,0.309,"Thunder","Oklahoma City",240,0.18,0.402
"team",22200702,"DEN",1610612743,0.489,0.089,0.32,"Nuggets","Denver",240,0.402,0.18
"team",22200703,"PHX",1610612756,0.495,0.184,0.375,"Suns","Phoenix",240,0.284,0.293
"team",22200703,"MEM",1610612763,0.517,0.155,0.216,"Grizzlies","Memphis",240,0.293,0.284
"team",22200701,"LAC",1610612746,0.519,0.112,0.26,"Clippers","LA",240,0.403,0.325
"team",22200701,"DAL",1610612742,0.532,0.119,0.31,"Mavericks","Dallas",240,0.325,0.403
"team",22200705,"POR",1610612757,0.581,0.129,0.333,"Trail Blazers","Portland",240,0.291,0.314
"team",22200705,"LAL",1610612747,0.529,0.122,0.226,"Lakers","Los Angeles",240,0.314,0.291
"team",22200700,"TOR",1610612761,0.598,0.176,0.364,"Raptors","Toronto",240,0.389,0.317
"team",22200700,"NYK",1610612752,0.539,0.083,0.377,"Knicks","New York",240,0.317,0.389
"team",22200699,"NOP",1610612740,0.488,0.216,0.306,"Pelicans","New Orleans",240,0.231,0.338
"team",22200699,"MIA",1610612748,0.526,0.243,0.262,"Heat","Miami",240,0.338,0.231
"team",22200704,"GSW",1610612744,0.633,0.161,0.233,"Warriors","Golden State",240,0.3,0.392
"team",22200704,"BKN",1610612751,0.528,0.116,0.275,"Nets","Brooklyn",240,0.392,0.3
"team",22200708,"CHI",1610612741,0.518,0.184,0.306,"Bulls","Chicago",240,0.189,0.224
"team",22200708,"ATL",1610612737,0.521,0.111,0.34,"Hawks","Atlanta",240,0.224,0.189
"team",22200706,"MIL",1610612749,0.569,0.176,0.24,"Bucks","Milwaukee",240,0.245,0.46
"team",22200706,"DET",1610612765,0.679,0.166,0.326,"Pistons","Detroit",240,0.46,0.245
"team",22200711,"SAS",1610612759,0.707,0.096,0.25,"Spurs","San Antonio",240,0.289,0.239
"team",22200711,"POR",1610612757,0.594,0.146,0.34,"Trail Blazers","Portland",240,0.239,0.289
"team",22200712,"SAC",1610612758,0.469,0.14,0.237,"Kings","Sacramento",240,0.159,0.102
"team",22200712,"MEM",1610612763,0.682,0.229,0.375,"Grizzlies","Memphis",240,0.102,0.159
"team",22200710,"UTA",1610612762,0.459,0.144,0.283,"Jazz","Utah",240,0.302,0.4
"team",22200710,"CHA",1610612766,0.57,0.153,0.271,"Hornets","Charlotte",240,0.4,0.302
"team",22200709,"MIN",1610612750,0.563,0.205,0.388,"Timberwolves","Minnesota",240,0.242,0.341
"team",22200709,"HOU",1610612745,0.538,0.176,0.259,"Rockets","Houston",240,0.341,0.242
"team",22200707,"ORL",1610612753,0.542,0.184,0.245,"Magic","Orlando",240,0.286,0.133
"team",22200707,"BOS",1610612738,0.577,0.113,0.273,"Celtics","Boston",240,0.133,0.286
"team",22200713,"IND",1610612754,0.517,0.154,0.327,"Pacers","Indiana",240,0.283,0.284
"team",22200713,"CHI",1610612741,0.475,0.076,0.356,"Bulls","Chicago",240,0.284,0.283
"team",22200714,"MIA",1610612748,0.5,0.174,0.178,"Heat","Miami",240,0.245,0.365
"team",22200714,"BOS",1610612738,0.426,0.082,0.339,"Celtics","Boston",240,0.365,0.245
"team",22200715,"NYK",1610612752,0.529,0.125,0.26,"Knicks","New York",240,0.28,0.184
"team",22200715,"CLE",1610612739,0.607,0.184,0.25,"Cavaliers","Cleveland",240,0.184,0.28
"team",22200718,"PHX",1610612756,0.438,0.13,0.25,"Suns","Phoenix",240,0.138,0.188
"team",22200718,"CHA",1610612766,0.617,0.175,0.362,"Hornets","Charlotte",240,0.188,0.138
"team",22200719,"LAL",1610612747,0.72,0.152,0.286,"Lakers","Los Angeles",240,0.253,0.179
"team",22200719,"LAC",1610612746,0.526,0.068,0.293,"Clippers","LA",240,0.179,0.253
"team",22200717,"WAS",1610612764,0.584,0.089,0.2,"Wizards","Washington",240,0.494,0.292
"team",22200717,"DAL",1610612742,0.572,0.104,0.273,"Mavericks","Dallas",240,0.292,0.494
"team",22200716,"NOP",1610612740,0.556,0.132,0.19,"Pelicans","New Orleans",240,0.235,0.163
"team",22200716,"DEN",1610612743,0.476,0.167,0.396,"Nuggets","Denver",240,0.163,0.235
"team",22200726,"MEM",1610612763,0.588,0.209,0.4,"Grizzlies","Memphis",240,0.42,0.329
"team",22200726,"GSW",1610612744,0.534,0.13,0.294,"Warriors","Golden State",240,0.329,0.42
"team",22200727,"UTA",1610612762,0.669,0.099,0.237,"Jazz","Utah",240,0.167,0.202
"team",22200727,"POR",1610612757,0.633,0.128,0.222,"Trail Blazers","Portland",240,0.202,0.167
"team",22200729,"SAS",1610612759,0.5,0.178,0.346,"Spurs","San Antonio",240,0.17,0.333
"team",22200729,"LAL",1610612747,0.415,0.126,0.324,"Lakers","Los Angeles",240,0.333,0.17
"team",22200723,"MIL",1610612749,0.448,0.176,0.311,"Bucks","Milwaukee",240,0.359,0.165
"team",22200723,"DEN",1610612743,0.558,0.216,0.217,"Nuggets","Denver",240,0.165,0.359
"team",22200728,"TOR",1610612761,0.568,0.203,0.154,"Raptors","Toronto",240,0.072,0.178
"team",22200728,"SAC",1610612758,0.557,0.101,0.36,"Kings","Sacramento",240,0.178,0.072
"team",22200725,"OKC",1610612760,0.661,0.163,0.316,"Thunder","Oklahoma City",240,0.157,0.393
"team",22200725,"ATL",1610612737,0.593,0.11,0.269,"Hawks","Atlanta",240,0.393,0.157
"team",22200724,"NOP",1610612740,0.555,0.091,0.156,"Pelicans","New Orleans",240,0.247,0.341
"team",22200724,"MIN",1610612750,0.506,0.148,0.306,"Timberwolves","Minnesota",240,0.341,0.247
"team",22200722,"WAS",1610612764,0.459,0.136,0.397,"Wizards","Washington",240,0.235,0.206
"team",22200722,"HOU",1610612745,0.459,0.079,0.311,"Rockets","Houston",240,0.206,0.235
"team",22200721,"PHI",1610612755,0.737,0.163,0.219,"76ers","Philadelphia",240,0.439,0.355
"team",22200721,"BKN",1610612751,0.622,0.112,0.375,"Nets","Brooklyn",240,0.355,0.439
"team",22200720,"ORL",1610612753,0.571,0.162,0.417,"Magic","Orlando",240,0.305,0.341
"team",22200720,"IND",1610612754,0.652,0.176,0.41,"Pacers","Indiana",240,0.341,0.305
"team",22200733,"HOU",1610612745,0.546,0.105,0.28,"Rockets","Houston",240,0.263,0.253
"team",22200733,"CLE",1610612739,0.546,0.227,0.325,"Cavaliers","Cleveland",240,0.253,0.263
"team",22200732,"CHI",1610612741,0.506,0.149,0.191,"Bulls","Chicago",240,0.242,0.369
"team",22200732,"CHA",1610612766,0.429,0.122,0.164,"Hornets","Charlotte",240,0.369,0.242
"team",22200731,"DET",1610612765,0.527,0.15,0.346,"Pistons","Detroit",240,0.274,0.287
"team",22200731,"BKN",1610612751,0.563,0.107,0.354,"Nets","Brooklyn",240,0.287,0.274
"team",22200730,"NYK",1610612752,0.49,0.12,0.328,"Knicks","New York",265,0.24,0.23
"team",22200730,"BOS",1610612738,0.526,0.094,0.222,"Celtics","Boston",265,0.23,0.24
"team",22200734,"PHX",1610612756,0.513,0.099,0.224,"Suns","Phoenix",240,0.186,0.364
"team",22200734,"DAL",1610612742,0.483,0.101,0.308,"Mavericks","Dallas",240,0.364,0.186
"team",22200735,"SAS",1610612759,0.685,0.051,0.2,"Spurs","San Antonio",240,0.341,0.236
"team",22200735,"LAC",1610612746,0.5,0.144,0.32,"Clippers","LA",240,0.236,0.341
"team",22200736,"MIL",1610612749,0.624,0.119,0.116,"Bucks","Milwaukee",240,0.316,0.315
"team",22200736,"IND",1610612754,0.622,0.141,0.358,"Pacers","Indiana",240,0.315,0.316
"team",22200739,"OKC",1610612760,0.489,0.105,0.25,"Thunder","Oklahoma City",240,0.329,0.205
"team",22200739,"CLE",1610612739,0.592,0.163,0.289,"Cavaliers","Cleveland",240,0.205,0.329
"team",22200738,"ORL",1610612753,0.518,0.107,0.184,"Magic","Orlando",240,0.464,0.306
"team",22200738,"MIA",1610612748,0.565,0.198,0.128,"Heat","Miami",240,0.306,0.464
"team",22200740,"TOR",1610612761,0.656,0.133,0.22,"Raptors","Toronto",240,0.208,0.167
"team",22200740,"GSW",1610612744,0.515,0.094,0.3,"Warriors","Golden State",240,0.167,0.208
"team",22200737,"MIN",1610612750,0.452,0.196,0.351,"Timberwolves","Minnesota",240,0.174,0.204
"team",22200737,"MEM",1610612763,0.587,0.193,0.244,"Grizzlies","Memphis",240,0.204,0.174
"team",22200743,"HOU",1610612745,0.542,0.153,0.229,"Rockets","Houston",240,0.293,0.373
"team",22200743,"DET",1610612765,0.522,0.162,0.373,"Pistons","Detroit",240,0.373,0.293
"team",22200750,"UTA",1610612762,0.55,0.148,0.229,"Jazz","Utah",240,0.293,0.213
"team",22200750,"DAL",1610612742,0.555,0.176,0.409,"Mavericks","Dallas",240,0.213,0.293
"team",22200746,"SAC",1610612758,0.631,0.2,0.333,"Kings","Sacramento",240,0.439,0.263
"team",22200746,"MIN",1610612750,0.506,0.093,0.245,"Timberwolves","Minnesota",240,0.263,0.439
"team",22200748,"SAS",1610612759,0.524,0.085,0.357,"Spurs","San Antonio",265,0.156,0.252
"team",22200748,"PHX",1610612756,0.486,0.116,0.391,"Suns","Phoenix",265,0.252,0.156
"team",22200749,"LAL",1610612747,0.542,0.113,0.156,"Lakers","Los Angeles",265,0.19,0.464
"team",22200749,"BOS",1610612738,0.505,0.105,0.305,"Celtics","Boston",265,0.464,0.19
"team",22200744,"ORL",1610612753,0.691,0.123,0.139,"Magic","Orlando",240,0.289,0.235
"team",22200744,"CHI",1610612741,0.554,0.129,0.217,"Bulls","Chicago",240,0.235,0.289
"team",22200741,"PHI",1610612755,0.63,0.143,0.243,"76ers","Philadelphia",240,0.27,0.247
"team",22200741,"DEN",1610612743,0.618,0.112,0.326,"Nuggets","Denver",240,0.247,0.27
"team",22200742,"NYK",1610612752,0.655,0.097,0.256,"Knicks","New York",240,0.216,0.161
"team",22200742,"BKN",1610612751,0.568,0.118,0.356,"Nets","Brooklyn",240,0.161,0.216
"team",22200745,"LAC",1610612746,0.511,0.092,0.36,"Clippers","LA",240,0.238,0.211
"team",22200745,"ATL",1610612737,0.644,0.145,0.2,"Hawks","Atlanta",240,0.211,0.238
"team",22200751,"TOR",1610612761,0.572,0.126,0.184,"Raptors","Toronto",240,0.196,0.303
"team",22200751,"POR",1610612757,0.576,0.086,0.364,"Trail Blazers","Portland",240,0.303,0.196
"team",22200747,"WAS",1610612764,0.467,0.098,0.236,"Wizards","Washington",240,0.33,0.207
"team",22200747,"NOP",1610612740,0.517,0.17,0.358,"Pelicans","New Orleans",240,0.207,0.33
"team",22200752,"MIA",1610612748,0.633,0.189,0.317,"Heat","Miami",240,0.247,0.265
"team",22200752,"CHA",1610612766,0.538,0.106,0.294,"Hornets","Charlotte",240,0.265,0.247
"team",22200755,"NOP",1610612740,0.641,0.115,0.298,"Pelicans","New Orleans",240,0.226,0.208
"team",22200755,"MIL",1610612749,0.511,0.113,0.196,"Bucks","Milwaukee",240,0.208,0.226
"team",22200753,"MEM",1610612763,0.513,0.189,0.364,"Grizzlies","Memphis",240,0.247,0.266
"team",22200753,"IND",1610612754,0.534,0.097,0.404,"Pacers","Indiana",240,0.266,0.247
"team",22200754,"LAC",1610612746,0.692,0.136,0.167,"Clippers","LA",240,0.303,0.244
"team",22200754,"CLE",1610612739,0.427,0.149,0.407,"Cavaliers","Cleveland",240,0.244,0.303
"team",22200757,"LAL",1610612747,0.558,0.107,0.275,"Lakers","Los Angeles",240,0.416,0.2
"team",22200757,"BKN",1610612751,0.455,0.136,0.35,"Nets","Brooklyn",240,0.2,0.416
"team",22200762,"TOR",1610612761,0.557,0.126,0.356,"Raptors","Toronto",240,0.213,0.241
"team",22200762,"PHX",1610612756,0.5,0.147,0.373,"Suns","Phoenix",240,0.241,0.213
"team",22200763,"POR",1610612757,0.537,0.072,0.434,"Trail Blazers","Portland",240,0.342,0.319
"team",22200763,"ATL",1610612737,0.665,0.083,0.184,"Hawks","Atlanta",240,0.319,0.342
"team",22200761,"DET",1610612765,0.557,0.115,0.273,"Pistons","Detroit",240,0.342,0.418
"team",22200761,"DAL",1610612742,0.544,0.146,0.283,"Mavericks","Dallas",240,0.418,0.342
"team",22200758,"SAC",1610612758,0.533,0.159,0.204,"Kings","Sacramento",265,0.222,0.272
"team",22200758,"MIN",1610612750,0.52,0.108,0.232,"Timberwolves","Minnesota",265,0.272,0.222
"team",22200760,"WAS",1610612764,0.469,0.097,0.3,"Wizards","Washington",240,0.198,0.237
"team",22200760,"SAS",1610612759,0.651,0.137,0.2,"Spurs","San Antonio",240,0.237,0.198
"team",22200759,"OKC",1610612760,0.622,0.139,0.178,"Thunder","Oklahoma City",240,0.215,0.222
"team",22200759,"GSW",1610612744,0.554,0.153,0.204,"Warriors","Golden State",240,0.222,0.215
"team",22200756,"PHI",1610612755,0.48,0.093,0.305,"76ers","Philadelphia",240,0.271,0.303
"team",22200756,"ORL",1610612753,0.535,0.179,0.217,"Magic","Orlando",240,0.303,0.271
"team",22200768,"NOP",1610612740,0.586,0.171,0.333,"Pelicans","New Orleans",240,0.294,0.276
"team",22200768,"DEN",1610612743,0.541,0.146,0.222,"Nuggets","Denver",240,0.276,0.294
"team",22200767,"MIL",1610612749,0.428,0.095,0.278,"Bucks","Milwaukee",240,0.257,0.234
"team",22200767,"CHA",1610612766,0.481,0.106,0.27,"Hornets","Charlotte",240,0.234,0.257
"team",22200765,"NYK",1610612752,0.575,0.128,0.271,"Knicks","New York",265,0.327,0.333
"team",22200765,"LAL",1610612747,0.485,0.083,0.273,"Lakers","Los Angeles",265,0.333,0.327
"team",22200764,"MIA",1610612748,0.548,0.135,0.196,"Heat","Miami",240,0.321,0.145
"team",22200764,"CLE",1610612739,0.526,0.158,0.261,"Cavaliers","Cleveland",240,0.145,0.321
"team",22200766,"LAC",1610612746,0.571,0.2,0.171,"Clippers","LA",240,0.28,0.273
"team",22200766,"CHI",1610612741,0.462,0.079,0.2,"Bulls","Chicago",240,0.273,0.28
"team",22200770,"PHI",1610612755,0.414,0.146,0.281,"76ers","Philadelphia",240,0.333,0.333
"team",22200770,"ORL",1610612753,0.526,0.187,0.2,"Magic","Orlando",240,0.333,0.333
"team",22200771,"POR",1610612757,0.523,0.13,0.28,"Trail Blazers","Portland",240,0.31,0.322
"team",22200771,"MEM",1610612763,0.552,0.126,0.261,"Grizzlies","Memphis",240,0.322,0.31
"team",22200772,"BOS",1610612738,0.46,0.071,0.111,"Celtics","Boston",240,0.109,0.205
"team",22200772,"BKN",1610612751,0.717,0.123,0.3,"Nets","Brooklyn",240,0.205,0.109
"team",22200773,"OKC",1610612760,0.473,0.177,0.458,"Thunder","Oklahoma City",240,0.214,0.33
"team",22200773,"HOU",1610612745,0.427,0.101,0.379,"Rockets","Houston",240,0.33,0.214
"team",22200774,"MIN",1610612750,0.478,0.149,0.196,"Timberwolves","Minnesota",265,0.226,0.374
"team",22200774,"GSW",1610612744,0.5,0.094,0.231,"Warriors","Golden State",265,0.374,0.226
"team",22200776,"UTA",1610612762,0.5,0.077,0.431,"Jazz","Utah",240,0.361,0.236
"team",22200776,"TOR",1610612761,0.633,0.161,0.333,"Raptors","Toronto",240,0.236,0.361
"team",22200777,"PHX",1610612756,0.676,0.118,0.15,"Suns","Phoenix",240,0.36,0.121
"team",22200777,"ATL",1610612737,0.43,0.154,0.259,"Hawks","Atlanta",240,0.121,0.36
"team",22200775,"SAS",1610612759,0.578,0.098,0.182,"Spurs","San Antonio",240,0.08,0.211
"team",22200775,"SAC",1610612758,0.591,0.178,0.22,"Kings","Sacramento",240,0.211,0.08
"team",22200783,"GSW",1610612744,0.656,0.124,0.256,"Warriors","Golden State",240,0.224,0.233
"team",22200783,"DEN",1610612743,0.618,0.169,0.239,"Nuggets","Denver",240,0.233,0.224
"team",22200782,"NOP",1610612740,0.518,0.08,0.196,"Pelicans","New Orleans",240,0.25,0.341
"team",22200782,"DAL",1610612742,0.53,0.173,0.289,"Mavericks","Dallas",240,0.341,0.25
"team",22200779,"MEM",1610612763,0.615,0.149,0.283,"Grizzlies","Memphis",240,0.253,0.242
"team",22200779,"CLE",1610612739,0.529,0.174,0.298,"Cavaliers","Cleveland",240,0.242,0.253
"team",22200781,"CHI",1610612741,0.457,0.152,0.364,"Bulls","Chicago",240,0.329,0.161
"team",22200781,"CHA",1610612766,0.589,0.145,0.238,"Hornets","Charlotte",240,0.161,0.329
"team",22200780,"NYK",1610612752,0.523,0.115,0.255,"Knicks","New York",240,0.217,0.184
"team",22200780,"MIA",1610612748,0.554,0.184,0.364,"Heat","Miami",240,0.184,0.217
"team",22200784,"MIL",1610612749,0.479,0.069,0.19,"Bucks","Milwaukee",240,0.3,0.211
"team",22200784,"LAC",1610612746,0.483,0.096,0.222,"Clippers","LA",240,0.211,0.3
"team",22200778,"LAL",1610612747,0.57,0.151,0.167,"Lakers","Los Angeles",240,0.337,0.065
"team",22200778,"IND",1610612754,0.489,0.123,0.286,"Pacers","Indiana",240,0.065,0.337
"team",22200792,"UTA",1610612762,0.516,0.09,0.273,"Jazz","Utah",240,0.198,0.242
"team",22200792,"ATL",1610612737,0.522,0.149,0.278,"Hawks","Atlanta",240,0.242,0.198
"team",22200790,"ORL",1610612753,0.552,0.186,0.327,"Magic","Orlando",240,0.447,0.322
"team",22200790,"MIN",1610612750,0.6,0.161,0.319,"Timberwolves","Minnesota",240,0.322,0.447
"team",22200789,"TOR",1610612761,0.544,0.128,0.267,"Raptors","Toronto",240,0.3,0.413
"team",22200789,"HOU",1610612745,0.539,0.092,0.278,"Rockets","Houston",240,0.413,0.3
"team",22200791,"SAS",1610612759,0.603,0.108,0.378,"Spurs","San Antonio",240,0.169,0.471
"team",22200791,"PHI",1610612755,0.624,0.172,0.289,"76ers","Philadelphia",240,0.471,0.169
"team",22200788,"PHX",1610612756,0.453,0.149,0.12,"Suns","Phoenix",240,0.147,0.413
"team",22200788,"BOS",1610612738,0.495,0.09,0.236,"Celtics","Boston",240,0.413,0.147
"team",22200785,"DET",1610612765,0.494,0.128,0.222,"Pistons","Detroit",240,0.267,0.333
"team",22200785,"CHA",1610612766,0.593,0.215,0.326,"Hornets","Charlotte",240,0.333,0.267
"team",22200787,"WAS",1610612764,0.585,0.074,0.283,"Wizards","Washington",240,0.262,0.261
"team",22200787,"POR",1610612757,0.571,0.115,0.279,"Trail Blazers","Portland",240,0.261,0.262
"team",22200786,"SAC",1610612758,0.545,0.173,0.24,"Kings","Sacramento",240,0.233,0.157
"team",22200786,"IND",1610612754,0.506,0.193,0.231,"Pacers","Indiana",240,0.157,0.233
"team",22200795,"NYK",1610612752,0.565,0.117,0.269,"Knicks","New York",265,0.277,0.38
"team",22200795,"LAC",1610612746,0.574,0.095,0.24,"Clippers","LA",265,0.38,0.277
"team",22200797,"MIL",1610612749,0.485,0.067,0.281,"Bucks","Milwaukee",240,0.318,0.208
"team",22200797,"MIA",1610612748,0.602,0.117,0.261,"Heat","Miami",240,0.208,0.318
"team",22200799,"OKC",1610612760,0.562,0.148,0.313,"Thunder","Oklahoma City",240,0.237,0.303
"team",22200799,"HOU",1610612745,0.686,0.084,0.366,"Rockets","Houston",240,0.303,0.237
"team",22200796,"POR",1610612757,0.675,0.124,0.206,"Trail Blazers","Portland",240,0.241,0.313
"team",22200796,"CHI",1610612741,0.586,0.092,0.159,"Bulls","Chicago",240,0.313,0.241
"team",22200801,"DEN",1610612743,0.516,0.153,0.245,"Nuggets","Denver",240,0.211,0.187
"team",22200801,"ATL",1610612737,0.584,0.124,0.306,"Hawks","Atlanta",240,0.187,0.211
"team",22200800,"GSW",1610612744,0.541,0.139,0.265,"Warriors","Golden State",240,0.232,0.318
"team",22200800,"DAL",1610612742,0.634,0.141,0.15,"Mavericks","Dallas",240,0.318,0.232
"team",22200798,"NOP",1610612740,0.537,0.086,0.314,"Pelicans","New Orleans",240,0.2,0.351
"team",22200798,"LAL",1610612747,0.565,0.104,0.354,"Lakers","Los Angeles",240,0.351,0.2
"team",22200793,"WAS",1610612764,0.581,0.145,0.244,"Wizards","Washington",240,0.506,0.326
"team",22200793,"BKN",1610612751,0.562,0.147,0.311,"Nets","Brooklyn",240,0.326,0.506
"team",22200794,"PHX",1610612756,0.531,0.164,0.231,"Suns","Phoenix",240,0.413,0.272
"team",22200794,"DET",1610612765,0.633,0.178,0.351,"Pistons","Detroit",240,0.272,0.413
