"typeResult","idGame","slugTeam","idTeam","teamName","cityTeam","minExact","ptsOffTOV","ptsSecondChance","ptsFastBreak","ptsPaint","ptsOffTOVOpponent","ptsSecondChanceOpponent","ptsFastBreakOpponent","ptsPaintOpponent","blk","blka","pf","pfd"
"team",22200399,"PHI",1610612755,"76ers","Philadelphia",240,19,5,19,56,18,27,22,50,6,3,24,24
"team",22200399,"CHA",1610612766,"Hornets","Charlotte",240,18,27,22,50,19,5,19,56,3,6,24,24
"team",22200403,"WAS",1610612764,"Wizards","Washington",240,10,6,10,40,21,10,20,48,2,7,16,20
"team",22200403,"BKN",1610612751,"Nets","Brooklyn",240,21,10,20,48,10,6,10,40,7,2,20,16
"team",22200408,"LAC",1610612746,"Clippers","LA",240,12,16,14,46,8,9,1,46,2,6,26,17
"team",22200408,"BOS",1610612738,"Celtics","Boston",240,8,9,1,46,12,16,14,46,6,2,17,26
"team",22200407,"POR",1610612757,"Trail Blazers","Portland",240,9,12,24,48,21,4,17,60,4,2,21,19
"team",22200407,"MIN",1610612750,"Timberwolves","Minnesota",240,21,4,17,60,9,12,24,48,2,4,19,21
"team",22200405,"OKC",1610612760,"Thunder","Oklahoma City",240,20,13,17,52,14,24,9,32,1,3,22,19
"team",22200405,"DAL",1610612742,"Mavericks","Dallas",240,14,24,9,32,20,13,17,52,3,1,19,22
"team",22200406,"SAS",1610612759,"Spurs","San Antonio",240,18,21,6,52,21,14,10,58,2,7,19,13
"team",22200406,"CLE",1610612739,"Cavaliers","Cleveland",240,21,14,10,58,18,21,6,52,7,2,13,19
"team",22200404,"MEM",1610612763,"Grizzlies","Memphis",240,27,17,19,72,18,17,10,42,12,1,17,17
"team",22200404,"ATL",1610612737,"Hawks","Atlanta",240,18,17,10,42,27,17,19,72,1,12,17,17
"team",22200402,"MIA",1610612748,"Heat","Miami",240,19,8,6,38,10,14,12,28,2,11,17,18
"team",22200402,"IND",1610612754,"Pacers","Indiana",240,10,14,12,28,19,8,6,38,11,2,18,17
"team",22200410,"MIL",1610612749,"Bucks","Milwaukee",240,20,12,16,48,19,10,7,30,5,2,18,22
"team",22200410,"GSW",1610612744,"Warriors","Golden State",240,19,10,7,30,20,12,16,48,2,5,22,18
"team",22200412,"UTA",1610612762,"Jazz","Utah",240,26,22,12,64,22,22,10,60,10,3,23,17
"team",22200412,"NOP",1610612740,"Pelicans","New Orleans",240,22,22,10,60,26,22,12,64,3,10,17,23
"team",22200413,"LAL",1610612747,"Lakers","Los Angeles",265,23,8,26,68,25,13,16,46,9,2,17,22
"team",22200413,"BOS",1610612738,"Celtics","Boston",265,25,13,16,46,23,8,26,68,2,9,22,17
"team",22200411,"PHX",1610612756,"Suns","Phoenix",240,26,14,21,30,13,20,21,40,7,9,24,21
"team",22200411,"HOU",1610612745,"Rockets","Houston",240,13,20,21,40,26,14,21,30,9,7,21,24
"team",22200409,"SAC",1610612758,"Kings","Sacramento",240,7,26,21,52,25,7,23,44,4,4,22,21
"team",22200409,"PHI",1610612755,"76ers","Philadelphia",240,25,7,23,44,7,26,21,52,4,4,21,22
"team",22200421,"DAL",1610612742,"Mavericks","Dallas",240,10,6,0,26,19,8,7,52,3,2,15,20
"team",22200421,"CLE",1610612739,"Cavaliers","Cleveland",240,19,8,7,52,10,6,0,26,2,3,20,15
"team",22200423,"MIN",1610612750,"Timberwolves","Minnesota",240,17,6,14,50,14,13,8,36,4,2,20,21
"team",22200423,"LAC",1610612746,"Clippers","LA",240,14,13,8,36,17,6,14,50,2,4,21,20
"team",22200417,"TOR",1610612761,"Raptors","Toronto",240,17,14,16,68,12,17,31,50,7,3,18,16
"team",22200417,"SAC",1610612758,"Kings","Sacramento",240,12,17,31,50,17,14,16,68,3,7,16,18
"team",22200414,"DET",1610612765,"Pistons","Detroit",265,4,20,12,52,22,21,17,54,8,6,29,29
"team",22200414,"CHA",1610612766,"Hornets","Charlotte",265,22,21,17,54,4,20,12,52,6,8,29,29
"team",22200422,"WAS",1610612764,"Wizards","Washington",240,25,14,11,48,17,13,29,98,5,7,28,17
"team",22200422,"DEN",1610612743,"Nuggets","Denver",240,17,13,29,98,25,14,11,48,7,5,17,28
"team",22200415,"IND",1610612754,"Pacers","Indiana",240,33,3,20,50,26,18,13,46,8,4,25,20
"team",22200415,"GSW",1610612744,"Warriors","Golden State",240,26,18,13,46,33,3,20,50,4,8,20,25
"team",22200420,"SAS",1610612759,"Spurs","San Antonio",240,23,18,18,56,14,16,13,56,3,3,16,20
"team",22200420,"POR",1610612757,"Trail Blazers","Portland",240,14,16,13,56,23,18,18,56,3,3,20,16
"team",22200416,"ORL",1610612753,"Magic","Orlando",240,19,19,19,50,11,21,4,56,6,6,22,21
"team",22200416,"ATL",1610612737,"Hawks","Atlanta",240,11,21,4,56,19,19,19,50,6,6,21,22
"team",22200419,"OKC",1610612760,"Thunder","Oklahoma City",240,19,10,19,60,23,9,4,20,4,1,16,21
"team",22200419,"MIA",1610612748,"Heat","Miami",240,23,9,4,20,19,10,19,60,1,4,21,16
"team",22200418,"NYK",1610612752,"Knicks","New York",265,16,20,14,42,19,9,16,58,5,7,25,18
"team",22200418,"CHI",1610612741,"Bulls","Chicago",265,19,9,16,58,16,20,14,42,7,5,18,25
"team",22200427,"PHX",1610612756,"Suns","Phoenix",240,21,27,15,46,9,16,5,38,8,3,18,18
"team",22200427,"LAC",1610612746,"Clippers","LA",240,9,16,5,38,21,27,15,46,3,8,18,18
"team",22200426,"UTA",1610612762,"Jazz","Utah",265,33,26,7,40,15,25,13,52,6,6,25,30
"team",22200426,"NOP",1610612740,"Pelicans","New Orleans",265,15,25,13,52,33,26,7,40,6,6,30,25
"team",22200424,"MIA",1610612748,"Heat","Miami",240,18,23,6,36,23,22,16,58,6,4,19,19
"team",22200424,"HOU",1610612745,"Rockets","Houston",240,23,22,16,58,18,23,6,36,4,6,19,19
"team",22200425,"MIL",1610612749,"Bucks","Milwaukee",240,8,13,14,38,11,15,27,86,1,7,18,19
"team",22200425,"MEM",1610612763,"Grizzlies","Memphis",240,11,15,27,86,8,13,14,38,7,1,19,18
"team",22200434,"NYK",1610612752,"Knicks","New York",240,24,14,21,40,10,0,11,36,2,2,13,25
"team",22200434,"CHI",1610612741,"Bulls","Chicago",240,10,0,11,36,24,14,21,40,2,2,25,13
"team",22200429,"SAC",1610612758,"Kings","Sacramento",240,16,6,18,50,18,17,6,54,1,1,25,26
"team",22200429,"DET",1610612765,"Pistons","Detroit",240,18,17,6,54,16,6,18,50,1,1,26,25
"team",22200431,"IND",1610612754,"Pacers","Indiana",240,14,4,20,62,16,7,9,44,4,2,22,15
"team",22200431,"CLE",1610612739,"Cavaliers","Cleveland",240,16,7,9,44,14,4,20,62,2,4,15,22
"team",22200436,"POR",1610612757,"Trail Blazers","Portland",240,12,14,13,44,17,5,18,42,2,5,22,19
"team",22200436,"DAL",1610612742,"Mavericks","Dallas",240,17,5,18,42,12,14,13,44,5,2,19,22
"team",22200428,"CHA",1610612766,"Hornets","Charlotte",240,20,21,11,46,22,8,13,34,5,5,25,22
"team",22200428,"ATL",1610612737,"Hawks","Atlanta",240,22,8,13,34,20,21,11,46,5,5,22,25
"team",22200435,"OKC",1610612760,"Thunder","Oklahoma City",240,25,18,12,58,29,16,8,54,4,6,21,18
"team",22200435,"MIN",1610612750,"Timberwolves","Minnesota",240,29,16,8,54,25,18,12,58,6,4,18,21
"team",22200430,"ORL",1610612753,"Magic","Orlando",240,15,20,9,48,23,20,6,46,1,12,26,21
"team",22200430,"BOS",1610612738,"Celtics","Boston",240,23,20,6,46,15,20,9,48,12,1,21,26
"team",22200437,"LAL",1610612747,"Lakers","Los Angeles",240,28,18,28,64,22,6,20,56,4,4,21,17
"team",22200437,"DEN",1610612743,"Nuggets","Denver",240,22,6,20,56,28,18,28,64,4,4,17,21
"team",22200432,"PHI",1610612755,"76ers","Philadelphia",240,16,13,17,38,14,13,15,36,5,6,13,21
"team",22200432,"GSW",1610612744,"Warriors","Golden State",240,14,13,15,36,16,13,17,38,6,5,21,13
"team",22200433,"TOR",1610612761,"Raptors","Toronto",240,21,16,11,56,10,10,19,50,1,6,19,25
"team",22200433,"BKN",1610612751,"Nets","Brooklyn",240,10,10,19,50,21,16,11,56,6,1,25,19
"team",22200438,"WAS",1610612764,"Wizards","Washington",240,15,6,27,54,21,17,14,40,2,5,21,16
"team",22200438,"LAC",1610612746,"Clippers","LA",240,21,17,14,40,15,6,27,54,5,2,16,21
"team",22200441,"POR",1610612757,"Trail Blazers","Portland",240,17,13,11,52,14,29,8,64,4,6,20,18
"team",22200441,"HOU",1610612745,"Rockets","Houston",240,14,29,8,64,17,13,11,52,6,4,18,20
"team",22200439,"SAS",1610612759,"Spurs","San Antonio",240,15,7,19,42,15,12,9,50,3,3,19,27
"team",22200439,"MIA",1610612748,"Heat","Miami",240,15,12,9,50,15,7,19,42,3,3,27,19
"team",22200440,"DAL",1610612742,"Mavericks","Dallas",265,12,5,4,34,8,17,13,58,6,5,20,24
"team",22200440,"CLE",1610612739,"Cavaliers","Cleveland",265,8,17,13,58,12,5,4,34,5,6,24,20
"team",22200443,"OKC",1610612760,"Thunder","Oklahoma City",240,12,13,4,34,10,15,8,38,0,5,25,20
"team",22200443,"MEM",1610612763,"Grizzlies","Memphis",240,10,15,8,38,12,13,4,34,5,0,20,25
"team",22200442,"UTA",1610612762,"Jazz","Utah",240,9,14,2,38,22,21,9,50,2,3,13,12
"team",22200442,"MIL",1610612749,"Bucks","Milwaukee",240,22,21,9,50,9,14,2,38,3,2,12,13
"team",22200444,"PHX",1610612756,"Suns","Phoenix",240,27,17,7,34,7,6,6,48,3,5,13,27
"team",22200444,"NOP",1610612740,"Pelicans","New Orleans",240,7,6,6,48,27,17,7,34,5,3,27,13
"team",22200450,"DEN",1610612743,"Nuggets","Denver",240,7,14,20,60,18,10,18,54,3,7,17,26
"team",22200450,"CHA",1610612766,"Hornets","Charlotte",240,18,10,18,54,7,14,20,60,7,3,26,17
"team",22200445,"ORL",1610612753,"Magic","Orlando",240,13,9,9,32,8,12,20,34,3,7,18,17
"team",22200445,"BOS",1610612738,"Celtics","Boston",240,8,12,20,34,13,9,9,32,7,3,17,18
"team",22200451,"WAS",1610612764,"Wizards","Washington",240,9,14,14,58,10,10,21,66,6,5,20,18
"team",22200451,"LAL",1610612747,"Lakers","Los Angeles",240,10,10,21,66,9,14,14,58,5,6,18,20
"team",22200447,"DET",1610612765,"Pistons","Detroit",240,19,13,16,56,11,11,13,46,2,8,19,24
"team",22200447,"BKN",1610612751,"Nets","Brooklyn",240,11,11,13,46,19,13,16,56,8,2,24,19
"team",22200448,"TOR",1610612761,"Raptors","Toronto",240,23,18,5,52,21,24,18,44,2,2,22,21
"team",22200448,"GSW",1610612744,"Warriors","Golden State",240,21,24,18,44,23,18,5,52,2,2,21,22
"team",22200446,"NYK",1610612752,"Knicks","New York",240,9,13,11,52,18,17,23,40,9,3,21,28
"team",22200446,"IND",1610612754,"Pacers","Indiana",240,18,17,23,40,9,13,11,52,3,9,28,21
"team",22200449,"MIN",1610612750,"Timberwolves","Minnesota",240,20,8,13,62,9,9,2,48,5,1,21,16
"team",22200449,"CHI",1610612741,"Bulls","Chicago",240,9,9,2,48,20,8,13,62,1,5,16,21
"team",22200460,"SAC",1610612758,"Kings","Sacramento",240,18,6,14,58,13,24,13,72,2,7,23,25
"team",22200460,"CHA",1610612766,"Hornets","Charlotte",240,13,24,13,72,18,6,14,58,7,2,25,23
"team",22200459,"PHX",1610612756,"Suns","Phoenix",240,22,20,3,40,7,11,14,34,5,5,16,16
"team",22200459,"LAL",1610612747,"Lakers","Los Angeles",240,7,11,14,34,22,20,3,40,5,5,16,16
"team",22200457,"NOP",1610612740,"Pelicans","New Orleans",240,22,19,7,42,18,8,17,54,0,6,20,21
"team",22200457,"MIL",1610612749,"Bucks","Milwaukee",240,18,8,17,54,22,19,7,42,6,0,21,20
"team",22200458,"POR",1610612757,"Trail Blazers","Portland",240,15,20,9,52,17,13,14,56,2,5,28,21
"team",22200458,"OKC",1610612760,"Thunder","Oklahoma City",240,17,13,14,56,15,20,9,52,5,2,21,28
"team",22200456,"MIN",1610612750,"Timberwolves","Minnesota",240,22,16,12,58,20,8,7,18,4,5,24,23
"team",22200456,"DAL",1610612742,"Mavericks","Dallas",240,20,8,7,18,22,16,12,58,5,4,23,24
"team",22200452,"UTA",1610612762,"Jazz","Utah",240,15,24,2,46,20,4,29,50,2,4,22,20
"team",22200452,"CLE",1610612739,"Cavaliers","Cleveland",240,20,4,29,50,15,24,2,46,4,2,20,22
"team",22200454,"ORL",1610612753,"Magic","Orlando",240,21,16,20,48,12,12,19,62,8,3,17,18
"team",22200454,"ATL",1610612737,"Hawks","Atlanta",240,12,12,19,62,21,16,20,48,3,8,18,17
"team",22200453,"TOR",1610612761,"Raptors","Toronto",265,21,10,15,40,14,3,16,30,3,1,20,21
"team",22200453,"PHI",1610612755,"76ers","Philadelphia",265,14,3,16,30,21,10,15,40,1,3,21,20
"team",22200455,"SAS",1610612759,"Spurs","San Antonio",240,18,14,26,48,15,15,6,68,6,3,23,16
"team",22200455,"HOU",1610612745,"Rockets","Houston",240,15,15,6,68,18,14,26,48,3,6,16,23
"team",22200463,"NYK",1610612752,"Knicks","New York",240,36,16,13,50,10,6,8,38,1,2,15,22
"team",22200463,"GSW",1610612744,"Warriors","Golden State",240,10,6,8,38,36,16,13,50,2,1,22,15
"team",22200462,"MIA",1610612748,"Heat","Miami",240,18,8,8,40,21,8,2,44,0,0,16,16
"team",22200462,"CHI",1610612741,"Bulls","Chicago",240,21,8,2,44,18,8,8,40,0,0,16,16
"team",22200464,"WAS",1610612764,"Wizards","Washington",240,25,14,16,48,8,18,5,48,4,1,14,23
"team",22200464,"PHX",1610612756,"Suns","Phoenix",240,8,18,5,48,25,14,16,48,1,4,23,14
"team",22200465,"MEM",1610612763,"Grizzlies","Memphis",240,16,3,12,62,14,10,15,50,7,5,21,19
"team",22200465,"DEN",1610612743,"Nuggets","Denver",240,14,10,15,50,16,3,12,62,5,7,19,21
"team",22200461,"UTA",1610612762,"Jazz","Utah",240,18,22,2,48,16,15,10,54,5,1,22,19
"team",22200461,"DET",1610612765,"Pistons","Detroit",240,16,15,10,54,18,22,2,48,1,5,19,22
"team",22200467,"PHI",1610612755,"76ers","Philadelphia",240,36,11,20,56,12,16,9,34,7,1,23,15
"team",22200467,"DET",1610612765,"Pistons","Detroit",240,12,16,9,34,36,11,20,56,1,7,15,23
"team",22200466,"MIL",1610612749,"Bucks","Milwaukee",240,12,14,12,46,22,18,9,54,5,3,23,21
"team",22200466,"CLE",1610612739,"Cavaliers","Cleveland",240,22,18,9,54,12,14,12,46,3,5,21,23
"team",22200470,"GSW",1610612744,"Warriors","Golden State",240,18,11,10,54,36,4,25,44,1,4,14,23
"team",22200470,"BKN",1610612751,"Nets","Brooklyn",240,36,4,25,44,18,11,10,54,4,1,23,14
"team",22200473,"MIN",1610612750,"Timberwolves","Minnesota",240,13,10,9,52,21,4,9,28,4,3,24,12
"team",22200473,"DAL",1610612742,"Mavericks","Dallas",240,21,4,9,28,13,10,9,52,3,4,12,24
"team",22200468,"CHI",1610612741,"Bulls","Chicago",240,14,14,12,44,5,12,9,34,4,7,15,15
"team",22200468,"ATL",1610612737,"Hawks","Atlanta",240,5,12,9,34,14,14,12,44,7,4,15,15
"team",22200472,"ORL",1610612753,"Magic","Orlando",240,21,19,15,50,17,14,12,40,6,4,18,23
"team",22200472,"HOU",1610612745,"Rockets","Houston",240,17,14,12,40,21,19,15,50,4,6,23,18
"team",22200469,"IND",1610612754,"Pacers","Indiana",240,19,16,17,52,16,32,21,50,3,5,22,9
"team",22200469,"BOS",1610612738,"Celtics","Boston",240,16,32,21,50,19,16,17,52,5,3,9,22
"team",22200474,"POR",1610612757,"Trail Blazers","Portland",240,20,14,9,48,14,16,6,52,5,3,22,16
"team",22200474,"OKC",1610612760,"Thunder","Oklahoma City",240,14,16,6,52,20,14,9,48,3,5,16,22
"team",22200475,"SAC",1610612758,"Kings","Sacramento",240,12,18,11,58,16,7,15,50,2,5,23,24
"team",22200475,"LAL",1610612747,"Lakers","Los Angeles",240,16,7,15,50,12,18,11,58,5,2,24,23
"team",22200476,"LAC",1610612746,"Clippers","LA",240,24,5,20,32,33,11,14,54,7,2,22,18
"team",22200476,"CHA",1610612766,"Hornets","Charlotte",240,33,11,14,54,24,5,20,32,2,7,18,22
"team",22200471,"TOR",1610612761,"Raptors","Toronto",240,21,10,17,48,9,10,12,56,4,3,16,19
"team",22200471,"NYK",1610612752,"Knicks","New York",240,9,10,12,56,21,10,17,48,3,4,19,16
"team",22200478,"WAS",1610612764,"Wizards","Washington",240,15,6,25,66,17,13,17,46,2,3,15,16
"team",22200478,"UTA",1610612762,"Jazz","Utah",240,17,13,17,46,15,6,25,66,3,2,16,15
"team",22200477,"SAS",1610612759,"Spurs","San Antonio",240,20,11,17,54,22,18,14,60,2,6,24,24
"team",22200477,"NOP",1610612740,"Pelicans","New Orleans",240,22,18,14,60,20,11,17,54,6,2,24,24
"team",22200479,"SAS",1610612759,"Spurs","San Antonio",240,24,11,11,54,19,13,13,52,6,2,18,15
"team",22200479,"ORL",1610612753,"Magic","Orlando",240,19,13,13,52,24,11,11,54,2,6,15,18
"team",22200482,"MIN",1610612750,"Timberwolves","Minnesota",240,16,15,10,52,26,20,24,58,8,6,18,16
"team",22200482,"BOS",1610612738,"Celtics","Boston",240,26,20,24,58,16,15,10,52,6,8,16,18
"team",22200483,"MIL",1610612749,"Bucks","Milwaukee",240,12,13,13,48,24,11,24,50,1,2,13,18
"team",22200483,"BKN",1610612751,"Nets","Brooklyn",240,24,11,24,50,12,13,13,48,2,1,18,13
"team",22200481,"DET",1610612765,"Pistons","Detroit",240,8,19,4,40,21,9,21,66,3,8,19,20
"team",22200481,"ATL",1610612737,"Hawks","Atlanta",240,21,9,21,66,8,19,4,40,8,3,20,19
"team",22200486,"MIA",1610612748,"Heat","Miami",240,21,7,14,52,10,14,19,36,3,6,13,23
"team",22200486,"IND",1610612754,"Pacers","Indiana",240,10,14,19,36,21,7,14,52,6,3,23,13
"team",22200487,"HOU",1610612745,"Rockets","Houston",240,16,10,8,46,28,11,11,32,3,7,21,21
"team",22200487,"DAL",1610612742,"Mavericks","Dallas",240,28,11,11,32,16,10,8,46,7,3,21,21
"team",22200488,"OKC",1610612760,"Thunder","Oklahoma City",265,17,7,20,66,22,14,9,54,5,4,26,21
"team",22200488,"NOP",1610612740,"Pelicans","New Orleans",265,22,14,9,54,17,7,20,66,4,5,21,26
"team",22200480,"PHI",1610612755,"76ers","Philadelphia",240,14,14,16,58,9,8,10,28,3,9,20,16
"team",22200480,"LAC",1610612746,"Clippers","LA",240,9,8,10,28,14,14,16,58,9,3,16,20
"team",22200489,"POR",1610612757,"Trail Blazers","Portland",240,12,11,13,52,16,11,18,66,3,2,21,19
"team",22200489,"DEN",1610612743,"Nuggets","Denver",240,16,11,18,66,12,11,13,52,2,3,19,21
"team",22200485,"NYK",1610612752,"Knicks","New York",240,6,20,6,48,14,11,9,40,4,4,17,22
"team",22200485,"CHI",1610612741,"Bulls","Chicago",240,14,11,9,40,6,20,6,48,4,4,22,17
"team",22200491,"WAS",1610612764,"Wizards","Washington",240,13,6,24,70,11,12,18,50,4,2,23,20
"team",22200491,"SAC",1610612758,"Kings","Sacramento",240,11,12,18,50,13,6,24,70,2,4,20,23
"team",22200490,"PHX",1610612756,"Suns","Phoenix",240,12,15,4,42,22,22,14,72,5,5,26,22
"team",22200490,"MEM",1610612763,"Grizzlies","Memphis",240,22,22,14,72,12,15,4,42,5,5,22,26
"team",22200492,"LAL",1610612747,"Lakers","Los Angeles",240,11,18,10,50,32,14,29,62,1,5,19,21
"team",22200492,"CHA",1610612766,"Hornets","Charlotte",240,32,14,29,62,11,18,10,50,5,1,21,19
"team",22200484,"TOR",1610612761,"Raptors","Toronto",240,18,18,27,44,19,9,12,46,2,4,20,17
"team",22200484,"CLE",1610612739,"Cavaliers","Cleveland",240,19,9,12,46,18,18,27,44,4,2,17,20
"team",22200496,"MEM",1610612763,"Grizzlies","Memphis",240,18,11,27,50,12,10,8,26,6,5,23,18
"team",22200496,"GSW",1610612744,"Warriors","Golden State",240,12,10,8,26,18,11,27,50,5,6,18,23
"team",22200495,"MIL",1610612749,"Bucks","Milwaukee",240,10,9,13,40,22,6,17,54,1,1,16,18
"team",22200495,"BOS",1610612738,"Celtics","Boston",240,22,6,17,54,10,9,13,40,1,1,18,16
"team",22200494,"LAL",1610612747,"Lakers","Los Angeles",240,13,9,18,42,15,11,4,44,2,3,23,26
"team",22200494,"DAL",1610612742,"Mavericks","Dallas",240,15,11,4,44,13,9,18,42,3,2,26,23
"team",22200497,"PHX",1610612756,"Suns","Phoenix",265,21,19,5,40,14,19,11,52,9,4,30,23
"team",22200497,"DEN",1610612743,"Nuggets","Denver",265,14,19,11,52,21,19,5,40,4,9,23,30
"team",22200493,"PHI",1610612755,"76ers","Philadelphia",240,14,8,6,34,11,21,12,56,2,6,19,19
"team",22200493,"NYK",1610612752,"Knicks","New York",240,11,21,12,56,14,8,6,34,6,2,19,19
"team",22200501,"HOU",1610612745,"Rockets","Houston",240,15,10,16,60,13,8,23,44,5,2,15,19
"team",22200501,"CHI",1610612741,"Bulls","Chicago",240,13,8,23,44,15,10,16,60,2,5,19,15
"team",22200498,"CLE",1610612739,"Cavaliers","Cleveland",240,20,14,17,48,18,10,23,34,3,4,14,25
"team",22200498,"BKN",1610612751,"Nets","Brooklyn",240,18,10,23,34,20,14,17,48,4,3,25,14
"team",22200499,"LAC",1610612746,"Clippers","LA",265,28,18,14,38,22,22,2,42,3,4,24,23
"team",22200499,"DET",1610612765,"Pistons","Detroit",265,22,22,2,42,28,18,14,38,4,3,23,24
"team",22200502,"NOP",1610612740,"Pelicans","New Orleans",240,19,26,17,52,17,8,19,46,6,5,19,18
"team",22200502,"IND",1610612754,"Pacers","Indiana",240,17,8,19,46,19,26,17,52,5,6,18,19
"team",22200500,"MIN",1610612750,"Timberwolves","Minnesota",240,12,13,4,52,15,16,9,64,3,3,14,17
"team",22200500,"MIA",1610612748,"Heat","Miami",240,15,16,9,64,12,13,4,52,3,3,17,14
"team",22200504,"POR",1610612757,"Trail Blazers","Portland",240,10,13,25,52,12,22,16,42,9,3,20,21
"team",22200504,"CHA",1610612766,"Hornets","Charlotte",240,12,22,16,42,10,13,25,52,3,9,21,20
"team",22200503,"UTA",1610612762,"Jazz","Utah",240,21,18,14,52,10,16,20,74,3,8,22,25
"team",22200503,"SAS",1610612759,"Spurs","San Antonio",240,10,16,20,74,21,18,14,52,8,3,25,22
"team",22200509,"TOR",1610612761,"Raptors","Toronto",240,16,17,24,68,20,18,11,52,4,3,16,17
"team",22200509,"LAC",1610612746,"Clippers","LA",240,20,18,11,52,16,17,24,68,3,4,17,16
"team",22200512,"NYK",1610612752,"Knicks","New York",265,8,27,12,48,15,11,15,50,0,5,23,25
"team",22200512,"DAL",1610612742,"Mavericks","Dallas",265,15,11,15,50,8,27,12,48,5,0,25,23
"team",22200510,"PHX",1610612756,"Suns","Phoenix",240,18,11,12,46,18,19,16,48,9,6,23,23
"team",22200510,"MEM",1610612763,"Grizzlies","Memphis",240,18,19,16,48,18,11,12,46,6,9,23,23
"team",22200507,"HOU",1610612745,"Rockets","Houston",240,11,13,17,44,21,10,24,38,2,5,16,14
"team",22200507,"BOS",1610612738,"Celtics","Boston",240,21,10,24,38,11,13,17,44,5,2,14,16
"team",22200506,"WAS",1610612764,"Wizards","Washington",240,25,20,13,42,22,21,12,62,8,10,23,24
"team",22200506,"PHI",1610612755,"76ers","Philadelphia",240,22,21,12,62,25,20,13,42,10,8,24,23
"team",22200505,"ORL",1610612753,"Magic","Orlando",240,19,7,10,44,12,9,15,56,5,2,17,16
"team",22200505,"LAL",1610612747,"Lakers","Los Angeles",240,12,9,15,56,19,7,10,44,2,5,16,17
"team",22200511,"SAS",1610612759,"Spurs","San Antonio",240,22,31,12,64,20,16,13,62,4,10,21,18
"team",22200511,"OKC",1610612760,"Thunder","Oklahoma City",240,20,16,13,62,22,31,12,64,10,4,18,21
"team",22200514,"SAC",1610612758,"Kings","Sacramento",240,10,10,2,54,23,10,16,52,2,3,18,18
"team",22200514,"DEN",1610612743,"Nuggets","Denver",240,23,10,16,52,10,10,2,54,3,2,18,18
"team",22200513,"GSW",1610612744,"Warriors","Golden State",240,18,11,15,56,8,10,6,42,2,7,22,20
"team",22200513,"CHA",1610612766,"Hornets","Charlotte",240,8,10,6,42,18,11,15,56,7,2,20,22
"team",22200508,"IND",1610612754,"Pacers","Indiana",240,17,11,29,60,12,12,9,46,2,3,16,19
"team",22200508,"ATL",1610612737,"Hawks","Atlanta",240,12,12,9,46,17,11,29,60,3,2,19,16
"team",22200515,"ORL",1610612753,"Magic","Orlando",240,18,19,6,54,13,13,3,24,5,4,26,25
"team",22200515,"DET",1610612765,"Pistons","Detroit",240,13,13,3,24,18,19,6,54,4,5,25,26
"team",22200520,"NOP",1610612740,"Pelicans","New Orleans",240,16,8,10,52,26,8,10,58,4,8,24,28
"team",22200520,"MIN",1610612750,"Timberwolves","Minnesota",240,26,8,10,58,16,8,10,52,8,4,28,24
"team",22200519,"MIL",1610612749,"Bucks","Milwaukee",265,12,23,10,52,15,9,8,50,6,10,21,23
"team",22200519,"CHI",1610612741,"Bulls","Chicago",265,15,9,8,50,12,23,10,52,10,6,23,21
"team",22200522,"SAC",1610612758,"Kings","Sacramento",240,16,15,21,54,13,10,9,62,6,8,17,24
"team",22200522,"DEN",1610612743,"Nuggets","Denver",240,13,10,9,62,16,15,21,54,8,6,24,17
"team",22200521,"UTA",1610612762,"Jazz","Utah",240,16,11,2,38,13,7,23,34,6,3,22,26
"team",22200521,"GSW",1610612744,"Warriors","Golden State",240,13,7,23,34,16,11,2,38,3,6,26,22
"team",22200516,"WAS",1610612764,"Wizards","Washington",240,16,15,14,60,14,16,10,28,6,4,15,21
"team",22200516,"PHX",1610612756,"Suns","Phoenix",240,14,16,10,28,16,15,14,60,4,6,21,15
"team",22200518,"MIA",1610612748,"Heat","Miami",240,31,19,6,52,2,9,6,40,4,4,15,16
"team",22200518,"LAL",1610612747,"Lakers","Los Angeles",240,2,9,6,40,31,19,6,52,4,4,16,15
"team",22200517,"BKN",1610612751,"Nets","Brooklyn",240,7,10,9,50,18,9,14,60,13,6,18,14
"team",22200517,"ATL",1610612737,"Hawks","Atlanta",240,18,9,14,60,7,10,9,50,6,13,14,18
"team",22200524,"IND",1610612754,"Pacers","Indiana",240,15,10,20,48,17,25,21,72,8,4,18,17
"team",22200524,"CLE",1610612739,"Cavaliers","Cleveland",240,17,25,21,72,15,10,20,48,4,8,17,18
"team",22200526,"TOR",1610612761,"Raptors","Toronto",240,14,23,18,50,8,15,21,70,7,4,20,20
"team",22200526,"MEM",1610612763,"Grizzlies","Memphis",240,8,15,21,70,14,23,18,50,4,7,20,20
"team",22200528,"HOU",1610612745,"Rockets","Houston",240,9,25,5,46,11,7,25,54,0,8,23,26
"team",22200528,"DAL",1610612742,"Mavericks","Dallas",240,11,7,25,54,9,25,5,46,8,0,26,23
"team",22200525,"LAC",1610612746,"Clippers","LA",240,18,7,11,42,12,13,17,54,4,7,20,17
"team",22200525,"BOS",1610612738,"Celtics","Boston",240,12,13,17,54,18,7,11,42,7,4,17,20
"team",22200527,"SAS",1610612759,"Spurs","San Antonio",240,15,22,8,62,9,21,7,42,7,2,23,21
"team",22200527,"NYK",1610612752,"Knicks","New York",240,9,21,7,42,15,22,8,62,2,7,21,23
"team",22200523,"OKC",1610612760,"Thunder","Oklahoma City",240,22,18,6,56,13,10,15,66,1,11,27,17
"team",22200523,"CHA",1610612766,"Hornets","Charlotte",240,13,10,15,66,22,18,6,56,11,1,17,27
"team",22200537,"UTA",1610612762,"Jazz","Utah",240,19,12,8,70,18,16,13,68,2,3,20,21
"team",22200537,"SAC",1610612758,"Kings","Sacramento",240,18,16,13,68,19,12,8,70,3,2,21,20
"team",22200530,"LAL",1610612747,"Lakers","Los Angeles",240,8,16,23,74,13,18,5,56,6,5,17,19
"team",22200530,"ATL",1610612737,"Hawks","Atlanta",240,13,18,5,56,8,16,23,74,5,6,19,17
"team",22200531,"TOR",1610612761,"Raptors","Toronto",240,34,10,16,48,7,9,17,34,3,1,22,17
"team",22200531,"PHX",1610612756,"Suns","Phoenix",240,7,9,17,34,34,10,16,48,1,3,17,22
"team",22200536,"POR",1610612757,"Trail Blazers","Portland",240,14,19,10,48,20,7,16,46,4,2,20,22
"team",22200536,"GSW",1610612744,"Warriors","Golden State",240,20,7,16,46,14,19,10,48,2,4,22,20
"team",22200532,"DET",1610612765,"Pistons","Detroit",240,20,22,4,38,24,16,18,66,1,4,16,20
"team",22200532,"CHI",1610612741,"Bulls","Chicago",240,24,16,18,66,20,22,4,38,4,1,20,16
"team",22200529,"WAS",1610612764,"Wizards","Washington",240,7,5,17,46,21,12,14,62,10,2,18,18
"team",22200529,"ORL",1610612753,"Magic","Orlando",240,21,12,14,62,7,5,17,46,2,10,18,18
"team",22200533,"MIN",1610612750,"Timberwolves","Minnesota",240,18,15,20,60,9,26,15,50,5,8,28,25
"team",22200533,"MIL",1610612749,"Bucks","Milwaukee",240,9,26,15,50,18,15,20,60,8,5,25,28
"team",22200534,"PHI",1610612755,"76ers","Philadelphia",240,19,6,8,44,30,14,30,52,7,3,22,20
"team",22200534,"NOP",1610612740,"Pelicans","New Orleans",240,30,14,30,52,19,6,8,44,3,7,20,22
"team",22200535,"MIA",1610612748,"Heat","Miami",240,19,12,15,42,15,4,14,48,4,1,19,19
"team",22200535,"DEN",1610612743,"Nuggets","Denver",240,15,4,14,48,19,12,15,42,1,4,19,19
"team",22200545,"PHI",1610612755,"76ers","Philadelphia",240,17,13,12,66,12,17,7,42,9,6,24,21
"team",22200545,"OKC",1610612760,"Thunder","Oklahoma City",240,12,17,7,42,17,13,12,66,6,9,21,24
"team",22200546,"UTA",1610612762,"Jazz","Utah",240,15,22,6,32,25,15,13,54,3,1,23,32
"team",22200546,"MIA",1610612748,"Heat","Miami",240,25,15,13,54,15,22,6,32,1,3,32,23
"team",22200544,"MIN",1610612750,"Timberwolves","Minnesota",240,13,6,11,42,17,22,24,56,5,6,22,22
"team",22200544,"DET",1610612765,"Pistons","Detroit",240,17,22,24,56,13,6,11,42,6,5,22,22
"team",22200539,"CHA",1610612766,"Hornets","Charlotte",240,21,19,11,52,12,4,18,58,2,6,17,16
"team",22200539,"BKN",1610612751,"Nets","Brooklyn",240,12,4,18,58,21,19,11,52,6,2,16,17
"team",22200543,"NOP",1610612740,"Pelicans","New Orleans",240,25,18,13,44,23,17,26,74,4,11,21,27
"team",22200543,"MEM",1610612763,"Grizzlies","Memphis",240,23,17,26,74,25,18,13,44,11,4,27,21
"team",22200541,"NYK",1610612752,"Knicks","New York",240,37,21,9,36,9,11,6,28,5,6,20,24
"team",22200541,"HOU",1610612745,"Rockets","Houston",240,9,11,6,28,37,21,9,36,6,5,24,20
"team",22200542,"SAS",1610612759,"Spurs","San Antonio",240,4,32,14,64,19,10,4,50,0,3,21,24
"team",22200542,"DAL",1610612742,"Mavericks","Dallas",240,19,10,4,50,4,32,14,64,3,0,24,21
"team",22200540,"CLE",1610612739,"Cavaliers","Cleveland",240,16,25,10,44,20,2,21,54,5,6,18,15
"team",22200540,"CHI",1610612741,"Bulls","Chicago",240,20,2,21,54,16,25,10,44,6,5,15,18
"team",22200538,"LAC",1610612746,"Clippers","LA",240,16,8,16,40,15,11,15,58,6,4,23,20
"team",22200538,"IND",1610612754,"Pacers","Indiana",240,15,11,15,58,16,8,16,40,4,6,20,23
"team",22200548,"WAS",1610612764,"Wizards","Washington",240,17,17,22,72,18,20,8,26,6,3,10,15
"team",22200548,"MIL",1610612749,"Bucks","Milwaukee",240,18,20,8,26,17,17,22,72,3,6,15,10
"team",22200547,"SAC",1610612758,"Kings","Sacramento",240,7,11,17,44,24,15,18,64,4,8,18,18
"team",22200547,"MEM",1610612763,"Grizzlies","Memphis",240,24,15,18,64,7,11,17,44,8,4,18,18
"team",22200549,"DEN",1610612743,"Nuggets","Denver",240,16,3,11,46,20,15,12,60,4,3,17,15
"team",22200549,"BOS",1610612738,"Celtics","Boston",240,20,15,12,60,16,3,11,46,3,4,15,17
"team",22200550,"PHX",1610612756,"Suns","Phoenix",240,11,17,0,28,6,9,2,36,0,2,17,13
"team",22200550,"NYK",1610612752,"Knicks","New York",240,6,9,2,36,11,17,0,28,2,0,13,17
"team",22200556,"HOU",1610612745,"Rockets","Houston",240,8,9,5,50,14,17,7,40,4,6,28,19
"team",22200556,"DAL",1610612742,"Mavericks","Dallas",240,14,17,7,40,8,9,5,50,6,4,19,28
"team",22200559,"POR",1610612757,"Trail Blazers","Portland",240,37,12,34,56,17,14,17,52,6,4,27,27
"team",22200559,"DET",1610612765,"Pistons","Detroit",240,17,14,17,52,37,12,34,56,4,6,27,27
"team",22200560,"MIA",1610612748,"Heat","Miami",240,20,18,13,48,13,4,7,28,2,1,23,18
"team",22200560,"LAC",1610612746,"Clippers","LA",240,13,4,7,28,20,18,13,48,1,2,18,23
"team",22200558,"GSW",1610612744,"Warriors","Golden State",290,18,20,15,58,21,6,12,72,6,10,23,17
"team",22200558,"ATL",1610612737,"Hawks","Atlanta",290,21,6,12,72,18,20,15,58,10,6,17,23
"team",22200555,"SAS",1610612759,"Spurs","San Antonio",240,17,15,22,58,24,12,24,58,4,7,13,16
"team",22200555,"BKN",1610612751,"Nets","Brooklyn",240,24,12,24,58,17,15,22,58,7,4,16,13
"team",22200557,"MIN",1610612750,"Timberwolves","Minnesota",240,14,16,15,58,11,10,29,54,4,1,22,21
"team",22200557,"DEN",1610612743,"Nuggets","Denver",240,11,10,29,54,14,16,15,58,1,4,21,22
"team",22200552,"CLE",1610612739,"Cavaliers","Cleveland",265,9,24,6,56,13,16,12,54,3,2,27,33
"team",22200552,"CHI",1610612741,"Bulls","Chicago",265,13,16,12,54,9,24,6,56,2,3,33,27
"team",22200553,"TOR",1610612761,"Raptors","Toronto",240,20,18,10,42,15,18,23,62,11,2,27,19
"team",22200553,"IND",1610612754,"Pacers","Indiana",240,15,18,23,62,20,18,10,42,2,11,19,27
"team",22200551,"LAL",1610612747,"Lakers","Los Angeles",240,15,4,19,56,10,6,17,54,5,7,21,22
"team",22200551,"CHA",1610612766,"Hornets","Charlotte",240,10,6,17,54,15,4,19,56,7,5,22,21
"team",22200554,"PHI",1610612755,"76ers","Philadelphia",240,20,9,22,42,9,14,24,52,6,6,22,22
"team",22200554,"NOP",1610612740,"Pelicans","New Orleans",240,9,14,24,52,20,9,22,42,6,6,22,22
"team",22200562,"OKC",1610612760,"Thunder","Oklahoma City",240,27,16,21,70,18,13,9,46,3,7,23,15
"team",22200562,"BOS",1610612738,"Celtics","Boston",240,18,13,9,46,27,16,21,70,7,3,15,23
"team",22200561,"WAS",1610612764,"Wizards","Washington",240,16,13,15,60,16,21,20,66,4,6,16,14
"team",22200561,"MIL",1610612749,"Bucks","Milwaukee",240,16,21,20,66,16,13,15,60,6,4,14,16
"team",22200563,"UTA",1610612762,"Jazz","Utah",240,27,24,7,48,6,10,5,52,3,4,19,26
"team",22200563,"SAC",1610612758,"Kings","Sacramento",240,6,10,5,52,27,24,7,48,4,3,26,19
"team",22200570,"CHI",1610612741,"Bulls","Chicago",240,13,8,6,52,13,5,16,48,7,7,16,22
"team",22200570,"BKN",1610612751,"Nets","Brooklyn",240,13,5,16,48,13,8,6,52,7,7,22,16
"team",22200569,"TOR",1610612761,"Raptors","Toronto",265,32,10,23,46,9,6,16,44,4,4,23,24
"team",22200569,"MIL",1610612749,"Bucks","Milwaukee",265,9,6,16,44,32,10,23,46,4,4,24,23
"team",22200572,"NOP",1610612740,"Pelicans","New Orleans",240,25,22,15,50,13,20,17,50,6,4,19,22
"team",22200572,"HOU",1610612745,"Rockets","Houston",240,13,20,17,50,25,22,15,50,4,6,22,19
"team",22200568,"SAS",1610612759,"Spurs","San Antonio",240,18,8,4,46,15,25,5,52,3,6,24,21
"team",22200568,"NYK",1610612752,"Knicks","New York",240,15,25,5,52,18,8,4,46,6,3,21,24
"team",22200575,"SAC",1610612758,"Kings","Sacramento",240,16,9,11,60,16,10,18,56,3,4,19,21
"team",22200575,"ATL",1610612737,"Hawks","Atlanta",240,16,10,18,56,16,9,11,60,4,3,21,19
"team",22200567,"PHI",1610612755,"76ers","Philadelphia",265,21,17,18,62,11,19,32,62,7,8,19,18
"team",22200567,"IND",1610612754,"Pacers","Indiana",265,11,19,32,62,21,17,18,62,8,7,18,19
"team",22200566,"ORL",1610612753,"Magic","Orlando",240,6,13,9,48,20,7,9,30,5,3,22,23
"team",22200566,"OKC",1610612760,"Thunder","Oklahoma City",240,20,7,9,30,6,13,9,48,3,5,23,22
"team",22200565,"PHX",1610612756,"Suns","Phoenix",240,8,9,3,36,12,8,6,38,3,4,19,17
"team",22200565,"CLE",1610612739,"Cavaliers","Cleveland",240,12,8,6,38,8,9,3,36,4,3,17,19
"team",22200564,"MEM",1610612763,"Grizzlies","Memphis",240,14,9,20,64,14,9,23,52,8,8,16,23
"team",22200564,"CHA",1610612766,"Hornets","Charlotte",240,14,9,23,52,14,9,20,64,8,8,23,16
"team",22200573,"GSW",1610612744,"Warriors","Golden State",240,14,13,13,52,22,17,17,52,4,1,20,11
"team",22200573,"DET",1610612765,"Pistons","Detroit",240,22,17,17,52,14,13,13,52,1,4,11,20
"team",22200574,"MIA",1610612748,"Heat","Miami",240,23,28,12,66,11,14,9,60,4,4,20,18
"team",22200574,"LAL",1610612747,"Lakers","Los Angeles",240,11,14,9,60,23,28,12,66,4,4,18,20
"team",22200571,"POR",1610612757,"Trail Blazers","Portland",240,23,10,9,38,22,16,11,54,7,6,30,30
"team",22200571,"MIN",1610612750,"Timberwolves","Minnesota",240,22,16,11,54,23,10,9,38,6,7,30,30
"team",22200578,"UTA",1610612762,"Jazz","Utah",240,21,14,18,52,13,19,11,46,5,3,20,21
"team",22200578,"HOU",1610612745,"Rockets","Houston",240,13,19,11,46,21,14,18,52,3,5,21,20
"team",22200577,"DAL",1610612742,"Mavericks","Dallas",240,7,16,10,44,11,13,11,42,3,8,19,22
"team",22200577,"BOS",1610612738,"Celtics","Boston",240,11,13,11,42,7,16,10,44,8,3,22,19
"team",22200576,"ORL",1610612753,"Magic","Orlando",240,14,13,17,40,14,14,19,64,3,3,22,22
"team",22200576,"MEM",1610612763,"Grizzlies","Memphis",240,14,14,19,64,14,13,17,40,3,3,22,22
"team",22200579,"LAC",1610612746,"Clippers","LA",240,12,16,15,54,11,17,30,60,3,5,14,16
"team",22200579,"DEN",1610612743,"Nuggets","Denver",240,11,17,30,60,12,16,15,54,5,3,16,14
"team",22200581,"PHI",1610612755,"76ers","Philadelphia",240,20,16,16,38,10,11,18,46,3,4,15,14
"team",22200581,"CHI",1610612741,"Bulls","Chicago",240,10,11,18,46,20,16,16,38,4,3,14,15
"team",22200580,"POR",1610612757,"Trail Blazers","Portland",240,15,16,12,48,29,4,26,50,1,6,19,22
"team",22200580,"IND",1610612754,"Pacers","Indiana",240,29,4,26,50,15,16,12,48,6,1,22,19
"team",22200590,"LAL",1610612747,"Lakers","Los Angeles",240,11,13,26,66,20,12,12,50,5,5,18,15
"team",22200590,"ATL",1610612737,"Hawks","Atlanta",240,20,12,12,50,11,13,26,66,5,5,15,18
"team",22200582,"TOR",1610612761,"Raptors","Toronto",240,17,13,19,42,11,17,3,30,3,4,23,23
"team",22200582,"NYK",1610612752,"Knicks","New York",240,11,17,3,30,17,13,19,42,4,3,23,23
"team",22200586,"NOP",1610612740,"Pelicans","New Orleans",240,13,17,16,42,17,24,14,36,4,12,20,23
"team",22200586,"BKN",1610612751,"Nets","Brooklyn",240,17,24,14,36,13,17,16,42,12,4,23,20
"team",22200587,"MIN",1610612750,"Timberwolves","Minnesota",240,13,8,16,64,18,12,19,64,7,3,22,19
"team",22200587,"LAC",1610612746,"Clippers","LA",240,18,12,19,64,13,8,16,64,3,7,19,22
"team",22200584,"WAS",1610612764,"Wizards","Washington",240,9,13,6,58,32,17,16,66,2,6,18,26
"team",22200584,"OKC",1610612760,"Thunder","Oklahoma City",240,32,17,16,66,9,13,6,58,6,2,26,18
"team",22200585,"SAS",1610612759,"Spurs","San Antonio",240,14,9,8,68,23,23,13,64,4,0,16,22
"team",22200585,"DET",1610612765,"Pistons","Detroit",240,23,23,13,64,14,9,8,68,0,4,22,16
"team",22200583,"MIL",1610612749,"Bucks","Milwaukee",240,1,11,8,22,33,24,10,54,4,3,18,17
"team",22200583,"CHA",1610612766,"Hornets","Charlotte",240,33,24,10,54,1,11,8,22,3,4,17,18
"team",22200588,"DEN",1610612743,"Nuggets","Denver",240,14,19,15,50,18,16,17,60,4,5,23,18
"team",22200588,"CLE",1610612739,"Cavaliers","Cleveland",240,18,16,17,60,14,19,15,50,5,4,18,23
"team",22200589,"PHX",1610612756,"Suns","Phoenix",240,15,11,4,48,18,4,10,34,2,3,20,14
"team",22200589,"MIA",1610612748,"Heat","Miami",240,18,4,10,34,15,11,4,48,3,2,14,20
"team",22200592,"UTA",1610612762,"Jazz","Utah",240,11,7,12,68,12,7,16,40,2,4,24,22
"team",22200592,"CHI",1610612741,"Bulls","Chicago",240,12,7,16,40,11,7,12,68,4,2,22,24
"team",22200593,"NOP",1610612740,"Pelicans","New Orleans",240,24,17,15,68,15,11,9,54,4,7,25,24
"team",22200593,"DAL",1610612742,"Mavericks","Dallas",240,15,11,9,54,24,17,15,68,7,4,24,25
"team",22200594,"ORL",1610612753,"Magic","Orlando",240,24,18,17,52,10,14,11,26,2,1,14,17
"team",22200594,"GSW",1610612744,"Warriors","Golden State",240,10,14,11,26,24,18,17,52,1,2,17,14
"team",22200595,"SAC",1610612758,"Kings","Sacramento",240,28,17,7,48,19,12,8,70,4,3,26,25
"team",22200595,"LAL",1610612747,"Lakers","Los Angeles",240,19,12,8,70,28,17,7,48,3,4,25,26
"team",22200591,"SAS",1610612759,"Spurs","San Antonio",240,19,16,3,72,14,19,10,54,3,10,20,15
"team",22200591,"BOS",1610612738,"Celtics","Boston",240,14,19,10,54,19,16,3,72,10,3,15,20
"team",22200596,"PHI",1610612755,"76ers","Philadelphia",240,23,20,15,68,18,6,16,64,5,2,17,20
"team",22200596,"DET",1610612765,"Pistons","Detroit",240,18,6,16,64,23,20,15,68,2,5,20,17
"team",22200598,"IND",1610612754,"Pacers","Indiana",240,23,10,19,46,27,15,14,48,7,4,22,26
"team",22200598,"CHA",1610612766,"Hornets","Charlotte",240,27,15,14,48,23,10,19,46,4,7,26,22
"team",22200600,"UTA",1610612762,"Jazz","Utah",240,13,16,18,64,27,24,25,58,9,7,18,19
"team",22200600,"MEM",1610612763,"Grizzlies","Memphis",240,27,24,25,58,13,16,18,64,7,9,19,18
"team",22200599,"MIA",1610612748,"Heat","Miami",240,18,14,9,40,11,12,16,40,4,8,17,21
"team",22200599,"BKN",1610612751,"Nets","Brooklyn",240,11,12,16,40,18,14,9,40,8,4,21,17
"team",22200601,"MIN",1610612750,"Timberwolves","Minnesota",240,24,10,27,48,22,11,22,42,4,7,18,19
"team",22200601,"HOU",1610612745,"Rockets","Houston",240,22,11,22,42,24,10,27,48,7,4,19,18
"team",22200602,"OKC",1610612760,"Thunder","Oklahoma City",240,13,12,7,56,6,14,0,24,8,1,26,19
"team",22200602,"DAL",1610612742,"Mavericks","Dallas",240,6,14,0,24,13,12,7,56,1,8,19,26
"team",22200604,"LAC",1610612746,"Clippers","LA",240,13,21,18,40,14,11,14,58,5,9,19,18
"team",22200604,"ATL",1610612737,"Hawks","Atlanta",240,14,11,14,58,13,21,18,40,9,5,18,19
"team",22200597,"TOR",1610612761,"Raptors","Toronto",240,29,17,19,42,13,13,16,46,8,4,28,24
"team",22200597,"POR",1610612757,"Trail Blazers","Portland",240,13,13,16,46,29,17,19,42,4,8,24,28
"team",22200603,"PHX",1610612756,"Suns","Phoenix",240,16,4,4,38,25,4,13,52,2,5,14,12
"team",22200603,"CLE",1610612739,"Cavaliers","Cleveland",240,25,4,13,52,16,4,4,38,5,2,12,14
"team",22200606,"CHI",1610612741,"Bulls","Chicago",240,9,10,3,42,13,4,11,44,1,7,18,12
"team",22200606,"BOS",1610612738,"Celtics","Boston",240,13,4,11,44,9,10,3,42,7,1,12,18
"team",22200609,"LAL",1610612747,"Lakers","Los Angeles",240,15,11,11,52,23,20,21,52,2,11,14,19
"team",22200609,"DEN",1610612743,"Nuggets","Denver",240,23,20,21,52,15,11,11,52,11,2,19,14
"team",22200610,"SAC",1610612758,"Kings","Sacramento",240,19,11,13,46,13,11,8,42,1,7,16,18
"team",22200610,"ORL",1610612753,"Magic","Orlando",240,13,11,8,42,19,11,13,46,7,1,18,16
"team",22200608,"SAS",1610612759,"Spurs","San Antonio",240,11,9,19,54,14,16,24,52,1,7,24,15
"team",22200608,"MEM",1610612763,"Grizzlies","Memphis",240,14,16,24,52,11,9,19,54,7,1,15,24
"team",22200605,"WAS",1610612764,"Wizards","Washington",240,9,18,8,46,41,21,27,74,1,5,25,21
"team",22200605,"NOP",1610612740,"Pelicans","New Orleans",240,41,21,27,74,9,18,8,46,5,1,21,25
"team",22200607,"NYK",1610612752,"Knicks","New York",240,12,23,4,44,8,21,4,30,1,5,14,17
"team",22200607,"MIL",1610612749,"Bucks","Milwaukee",240,8,21,4,30,12,23,4,44,5,1,17,14
"team",22200611,"OKC",1610612760,"Thunder","Oklahoma City",240,27,22,13,60,20,26,14,42,3,4,27,19
"team",22200611,"MIA",1610612748,"Heat","Miami",240,20,26,14,42,27,22,13,60,4,3,19,27
"team",22200613,"TOR",1610612761,"Raptors","Toronto",240,12,20,13,44,13,4,17,56,4,4,17,19
"team",22200613,"CHA",1610612766,"Hornets","Charlotte",240,13,4,17,56,12,20,13,44,4,4,19,17
"team",22200612,"PHI",1610612755,"76ers","Philadelphia",240,22,11,25,82,14,7,22,32,8,5,29,22
"team",22200612,"DET",1610612765,"Pistons","Detroit",240,14,7,22,32,22,11,25,82,5,8,22,29
"team",22200617,"LAC",1610612746,"Clippers","LA",240,18,20,8,46,10,6,5,32,4,6,23,17
"team",22200617,"DAL",1610612742,"Mavericks","Dallas",240,10,6,5,32,18,20,8,46,6,4,17,23
"team",22200616,"POR",1610612757,"Trail Blazers","Portland",240,27,11,22,70,22,11,14,48,7,2,22,20
"team",22200616,"ORL",1610612753,"Magic","Orlando",240,22,11,14,48,27,11,22,70,2,7,20,22
"team",22200614,"UTA",1610612762,"Jazz","Utah",240,14,27,2,48,22,10,17,54,3,7,17,25
"team",22200614,"CLE",1610612739,"Cavaliers","Cleveland",240,22,10,17,54,14,27,2,48,7,3,25,17
"team",22200615,"PHX",1610612756,"Suns","Phoenix",240,16,25,11,48,25,20,18,34,7,2,22,26
"team",22200615,"GSW",1610612744,"Warriors","Golden State",240,25,20,18,34,16,25,11,48,2,7,26,22
"team",22200619,"WAS",1610612764,"Wizards","Washington",240,19,15,12,54,11,17,4,50,3,6,18,19
"team",22200619,"CHI",1610612741,"Bulls","Chicago",240,11,17,4,50,19,15,12,54,6,3,19,18
"team",22200618,"MIN",1610612750,"Timberwolves","Minnesota",240,20,16,2,52,16,7,11,46,2,7,22,20
"team",22200618,"DET",1610612765,"Pistons","Detroit",240,16,7,11,46,20,16,2,52,7,2,20,22
"team",22200621,"NOP",1610612740,"Pelicans","New Orleans",240,13,8,19,54,11,8,14,44,4,5,17,16
"team",22200621,"BOS",1610612738,"Celtics","Boston",240,11,8,14,44,13,8,19,54,5,4,16,17
"team",22200622,"NYK",1610612752,"Knicks","New York",240,14,11,6,38,14,9,20,54,4,5,16,25
"team",22200622,"IND",1610612754,"Pacers","Indiana",240,14,9,20,54,14,11,6,38,5,4,25,16
"team",22200625,"SAC",1610612758,"Kings","Sacramento",240,25,14,11,48,10,11,12,46,4,3,19,23
"team",22200625,"HOU",1610612745,"Rockets","Houston",240,10,11,12,46,25,14,11,48,3,4,23,19
"team",22200620,"MIL",1610612749,"Bucks","Milwaukee",240,19,17,10,42,16,7,21,46,4,3,15,12
"team",22200620,"ATL",1610612737,"Hawks","Atlanta",240,16,7,21,46,19,17,10,42,3,4,12,15
"team",22200623,"SAS",1610612759,"Spurs","San Antonio",240,16,21,19,70,11,30,16,68,11,8,18,17
"team",22200623,"MEM",1610612763,"Grizzlies","Memphis",240,11,30,16,68,16,21,19,70,8,11,17,18
"team",22200624,"PHX",1610612756,"Suns","Phoenix",240,9,12,6,52,29,11,24,60,2,4,17,20
"team",22200624,"DEN",1610612743,"Nuggets","Denver",240,29,11,24,60,9,12,6,52,4,2,20,17
"team",22200630,"LAL",1610612747,"Lakers","Los Angeles",290,18,23,18,64,7,4,8,60,4,9,18,26
"team",22200630,"DAL",1610612742,"Mavericks","Dallas",290,7,4,8,60,18,23,18,64,9,4,26,18
"team",22200631,"POR",1610612757,"Trail Blazers","Portland",240,12,6,9,52,17,10,19,68,4,1,27,19
"team",22200631,"CLE",1610612739,"Cavaliers","Cleveland",240,17,10,19,68,12,6,9,52,1,4,19,27
"team",22200626,"PHI",1610612755,"76ers","Philadelphia",240,17,15,12,44,21,7,21,52,3,6,29,22
"team",22200626,"OKC",1610612760,"Thunder","Oklahoma City",240,21,7,21,52,17,15,12,44,6,3,22,29
"team",22200628,"MIL",1610612749,"Bucks","Milwaukee",240,9,16,8,18,10,22,10,58,2,1,12,8
"team",22200628,"MIA",1610612748,"Heat","Miami",240,10,22,10,58,9,16,8,18,1,2,8,12
"team",22200627,"BOS",1610612738,"Celtics","Boston",240,12,14,10,54,20,4,24,40,6,9,15,19
"team",22200627,"BKN",1610612751,"Nets","Brooklyn",240,20,4,24,40,12,14,10,54,9,6,19,15
"team",22200629,"TOR",1610612761,"Raptors","Toronto",240,26,13,14,62,10,16,14,50,4,5,23,30
"team",22200629,"CHA",1610612766,"Hornets","Charlotte",240,10,16,14,50,26,13,14,62,5,4,30,23
"team",22200637,"PHX",1610612756,"Suns","Phoenix",240,25,13,21,46,17,8,15,64,3,3,20,22
"team",22200637,"MIN",1610612750,"Timberwolves","Minnesota",240,17,8,15,64,25,13,21,46,3,3,22,20
"team",22200635,"SAS",1610612759,"Spurs","San Antonio",240,18,9,13,50,20,19,21,70,3,6,19,26
"team",22200635,"GSW",1610612744,"Warriors","Golden State",240,20,19,21,70,18,9,13,50,6,3,26,19
"team",22200633,"IND",1610612754,"Pacers","Indiana",240,19,21,30,64,20,22,19,40,9,9,22,22
"team",22200633,"ATL",1610612737,"Hawks","Atlanta",240,20,22,19,40,19,21,30,64,9,9,22,22
"team",22200638,"UTA",1610612762,"Jazz","Utah",240,18,22,17,42,24,12,26,50,11,3,18,25
"team",22200638,"ORL",1610612753,"Magic","Orlando",240,24,12,26,50,18,22,17,42,3,11,25,18
"team",22200634,"WAS",1610612764,"Wizards","Washington",240,7,12,9,28,7,11,19,52,4,6,23,23
"team",22200634,"NYK",1610612752,"Knicks","New York",240,7,11,19,52,7,12,9,28,6,4,23,23
"team",22200632,"NOP",1610612740,"Pelicans","New Orleans",240,10,9,21,60,16,9,26,60,3,3,21,23
"team",22200632,"DET",1610612765,"Pistons","Detroit",240,16,9,26,60,10,9,21,60,3,3,23,21
"team",22200636,"OKC",1610612760,"Thunder","Oklahoma City",240,23,7,16,64,14,16,18,44,6,5,19,17
"team",22200636,"CHI",1610612741,"Bulls","Chicago",240,14,16,18,44,23,7,16,64,5,6,17,19
"team",22200639,"LAC",1610612746,"Clippers","LA",240,14,6,12,56,21,12,25,48,3,4,18,11
"team",22200639,"DEN",1610612743,"Nuggets","Denver",240,21,12,25,48,14,6,12,56,4,3,11,18
"team",22200640,"SAC",1610612758,"Kings","Sacramento",240,21,19,21,50,16,15,9,56,8,4,19,24
"team",22200640,"HOU",1610612745,"Rockets","Houston",240,16,15,9,56,21,19,21,50,4,8,24,19
"team",22200647,"POR",1610612757,"Trail Blazers","Portland",240,16,10,24,50,12,4,9,28,4,3,20,18
"team",22200647,"DAL",1610612742,"Mavericks","Dallas",240,12,4,9,28,16,10,24,50,3,4,18,20
"team",22200646,"UTA",1610612762,"Jazz","Utah",240,8,19,20,54,11,6,10,42,6,5,24,17
"team",22200646,"PHI",1610612755,"76ers","Philadelphia",240,11,6,10,42,8,19,20,54,5,6,17,24
"team",22200645,"MIN",1610612750,"Timberwolves","Minnesota",240,28,7,21,60,7,6,12,52,5,2,21,17
"team",22200645,"CLE",1610612739,"Cavaliers","Cleveland",240,7,6,12,52,28,7,21,60,2,5,17,21
"team",22200644,"TOR",1610612761,"Raptors","Toronto",240,12,18,17,56,21,9,12,40,3,4,19,22
"team",22200644,"ATL",1610612737,"Hawks","Atlanta",240,21,9,12,40,12,18,17,56,4,3,22,19
"team",22200642,"CHA",1610612766,"Hornets","Charlotte",240,5,13,5,60,15,15,17,48,2,4,11,15
"team",22200642,"BOS",1610612738,"Celtics","Boston",240,15,15,17,48,5,13,5,60,4,2,15,11
"team",22200641,"MIL",1610612749,"Bucks","Milwaukee",240,10,4,6,26,12,17,5,54,2,3,13,14
"team",22200641,"MIA",1610612748,"Heat","Miami",240,12,17,5,54,10,4,6,26,3,2,14,13
"team",22200643,"MEM",1610612763,"Grizzlies","Memphis",240,13,4,38,70,17,25,13,46,8,8,21,20
"team",22200643,"IND",1610612754,"Pacers","Indiana",240,17,25,13,46,13,4,38,70,8,8,20,21
"team",22200649,"LAC",1610612746,"Clippers","LA",240,20,13,7,62,18,11,15,62,6,6,16,17
"team",22200649,"HOU",1610612745,"Rockets","Houston",240,18,11,15,62,20,13,7,62,6,6,17,16
"team",22200648,"NYK",1610612752,"Knicks","New York",240,13,20,6,44,10,18,5,32,6,4,12,22
"team",22200648,"DET",1610612765,"Pistons","Detroit",240,10,18,5,32,13,20,6,44,4,6,22,12
"team",22200650,"GSW",1610612744,"Warriors","Golden State",240,19,9,25,34,31,14,18,56,4,1,22,18
"team",22200650,"CHI",1610612741,"Bulls","Chicago",240,31,14,18,56,19,9,25,34,1,4,18,22
"team",22200652,"SAS",1610612759,"Spurs","San Antonio",240,9,18,12,66,13,9,14,56,3,2,21,19
"team",22200652,"SAC",1610612758,"Kings","Sacramento",240,13,9,14,56,9,18,12,66,2,3,19,21
"team",22200653,"ORL",1610612753,"Magic","Orlando",240,18,14,15,60,19,17,22,56,2,5,17,22
"team",22200653,"DEN",1610612743,"Nuggets","Denver",240,19,17,22,56,18,14,15,60,5,2,22,17
"team",22200654,"POR",1610612757,"Trail Blazers","Portland",240,17,13,13,46,10,16,8,50,6,2,29,29
"team",22200654,"DAL",1610612742,"Mavericks","Dallas",240,10,16,8,50,17,13,13,46,2,6,29,29
"team",22200655,"PHI",1610612755,"76ers","Philadelphia",240,8,6,5,52,13,8,18,70,7,6,16,19
"team",22200655,"LAL",1610612747,"Lakers","Los Angeles",240,13,8,18,70,8,6,5,52,6,7,19,16
"team",22200651,"OKC",1610612760,"Thunder","Oklahoma City",240,19,12,10,48,9,16,2,46,7,7,14,21
"team",22200651,"BKN",1610612751,"Nets","Brooklyn",240,9,16,2,46,19,12,10,48,7,7,21,14
"team",22200661,"MIA",1610612748,"Heat","Miami",240,11,13,13,64,19,5,6,46,4,5,22,17
"team",22200661,"ATL",1610612737,"Hawks","Atlanta",240,19,5,6,46,11,13,13,64,5,4,17,22
"team",22200664,"LAL",1610612747,"Lakers","Los Angeles",240,12,15,27,60,4,21,7,72,5,7,19,25
"team",22200664,"HOU",1610612745,"Rockets","Houston",240,4,21,7,72,12,15,27,60,7,5,25,19
"team",22200662,"UTA",1610612762,"Jazz","Utah",240,6,18,10,60,20,22,21,56,5,6,12,20
"team",22200662,"MIN",1610612750,"Timberwolves","Minnesota",240,20,22,21,56,6,18,10,60,6,5,20,12
"team",22200660,"WAS",1610612764,"Wizards","Washington",240,11,9,10,46,21,8,20,38,2,1,21,23
"team",22200660,"GSW",1610612744,"Warriors","Golden State",240,21,8,20,38,11,9,10,46,1,2,23,21
"team",22200656,"CHA",1610612766,"Hornets","Charlotte",240,18,12,20,50,8,19,4,42,2,4,18,21
"team",22200656,"BOS",1610612738,"Celtics","Boston",240,8,19,4,42,18,12,20,50,4,2,21,18
"team",22200663,"PHX",1610612756,"Suns","Phoenix",240,17,12,8,54,24,17,14,66,4,6,22,19
"team",22200663,"MEM",1610612763,"Grizzlies","Memphis",240,24,17,14,66,17,12,8,54,6,4,19,22
"team",22200657,"MIL",1610612749,"Bucks","Milwaukee",240,20,18,11,42,16,0,19,40,1,5,14,17
"team",22200657,"IND",1610612754,"Pacers","Indiana",240,16,0,19,40,20,18,11,42,5,1,17,14
"team",22200658,"NOP",1610612740,"Pelicans","New Orleans",240,22,8,13,40,22,19,7,52,1,4,23,19
"team",22200658,"CLE",1610612739,"Cavaliers","Cleveland",240,22,19,7,52,22,8,13,40,4,1,19,23
"team",22200659,"TOR",1610612761,"Raptors","Toronto",265,21,24,14,40,8,26,4,58,12,5,25,28
"team",22200659,"NYK",1610612752,"Knicks","New York",265,8,26,4,58,21,24,14,40,5,12,28,25
"team",22200665,"TOR",1610612761,"Raptors","Toronto",240,15,12,11,54,17,8,24,46,5,5,14,19
"team",22200665,"MIL",1610612749,"Bucks","Milwaukee",240,17,8,24,46,15,12,11,54,5,5,19,14
"team",22200668,"PHI",1610612755,"76ers","Philadelphia",240,24,15,23,44,13,15,14,46,4,5,17,23
"team",22200668,"LAC",1610612746,"Clippers","LA",240,13,15,14,46,24,15,23,44,5,4,23,17
"team",22200666,"SAS",1610612759,"Spurs","San Antonio",240,16,22,16,52,17,17,16,58,4,8,22,26
"team",22200666,"BKN",1610612751,"Nets","Brooklyn",240,17,17,16,58,16,22,16,52,8,4,26,22
"team",22200667,"POR",1610612757,"Trail Blazers","Portland",240,18,11,10,48,5,11,16,52,4,6,24,15
"team",22200667,"DEN",1610612743,"Nuggets","Denver",240,5,11,16,52,18,11,10,48,6,4,15,24
"team",22200673,"NOP",1610612740,"Pelicans","New Orleans",240,8,15,13,48,22,18,13,64,3,2,17,17
"team",22200673,"MIA",1610612748,"Heat","Miami",240,22,18,13,64,8,15,13,48,2,3,17,17
"team",22200671,"HOU",1610612745,"Rockets","Houston",240,6,13,6,60,31,14,26,78,5,10,22,20
"team",22200671,"CHA",1610612766,"Hornets","Charlotte",240,31,14,26,78,6,13,6,60,10,5,20,22
"team",22200674,"OKC",1610612760,"Thunder","Oklahoma City",240,36,20,6,56,15,21,13,50,7,10,25,19
"team",22200674,"IND",1610612754,"Pacers","Indiana",240,15,21,13,50,36,20,6,56,10,7,19,25
"team",22200675,"UTA",1610612762,"Jazz","Utah",240,18,15,8,50,7,26,9,34,7,6,19,20
"team",22200675,"LAC",1610612746,"Clippers","LA",240,7,26,9,34,18,15,8,50,6,7,20,19
"team",22200676,"MIN",1610612750,"Timberwolves","Minnesota",240,19,17,18,54,21,14,16,74,10,2,27,19
"team",22200676,"DEN",1610612743,"Nuggets","Denver",240,21,14,16,74,19,17,18,54,2,10,19,27
"team",22200677,"SAC",1610612758,"Kings","Sacramento",240,12,20,13,58,12,10,16,50,5,3,14,20
"team",22200677,"LAL",1610612747,"Lakers","Los Angeles",240,12,10,16,50,12,20,13,58,3,5,20,14
"team",22200670,"DAL",1610612742,"Mavericks","Dallas",240,17,14,15,52,21,15,12,56,3,4,19,23
"team",22200670,"ATL",1610612737,"Hawks","Atlanta",240,21,15,12,56,17,14,15,52,4,3,23,19
"team",22200672,"MEM",1610612763,"Grizzlies","Memphis",240,26,21,17,58,12,10,17,44,7,7,19,17
"team",22200672,"CLE",1610612739,"Cavaliers","Cleveland",240,12,10,17,44,26,21,17,58,7,7,17,19
"team",22200669,"WAS",1610612764,"Wizards","Washington",240,6,22,9,44,17,28,4,66,9,4,23,20
"team",22200669,"NYK",1610612752,"Knicks","New York",240,17,28,4,66,6,22,9,44,4,9,20,23
"team",22200681,"PHX",1610612756,"Suns","Phoenix",240,9,22,5,40,18,2,18,50,3,6,23,34
"team",22200681,"BKN",1610612751,"Nets","Brooklyn",240,18,2,18,50,9,22,5,40,6,3,34,23
"team",22200679,"GSW",1610612744,"Warriors","Golden State",265,24,14,6,30,17,22,11,52,7,5,26,19
"team",22200679,"BOS",1610612738,"Celtics","Boston",265,17,22,11,52,24,14,6,30,5,7,19,26
"team",22200680,"TOR",1610612761,"Raptors","Toronto",240,13,14,23,62,15,8,12,46,6,5,19,20
"team",22200680,"MIN",1610612750,"Timberwolves","Minnesota",240,15,8,12,46,13,14,23,62,5,6,20,19
"team",22200682,"POR",1610612757,"Trail Blazers","Portland",240,18,8,12,34,19,6,19,56,3,8,15,23
"team",22200682,"PHI",1610612755,"76ers","Philadelphia",240,19,6,19,56,18,8,12,34,8,3,23,15
"team",22200678,"DET",1610612765,"Pistons","Detroit",240,14,10,16,56,19,12,9,60,3,8,15,17
"team",22200678,"CHI",1610612741,"Bulls","Chicago",240,19,12,9,60,14,10,16,56,8,3,17,15
"team",22200687,"SAS",1610612759,"Spurs","San Antonio",240,14,20,3,62,10,10,5,54,1,2,15,13
"team",22200687,"LAC",1610612746,"Clippers","LA",240,10,10,5,54,14,20,3,62,2,1,13,15
"team",22200689,"UTA",1610612762,"Jazz","Utah",240,12,12,16,40,15,11,22,46,1,6,18,18
"team",22200689,"BKN",1610612751,"Nets","Brooklyn",240,15,11,22,46,12,12,16,40,6,1,18,18
"team",22200688,"IND",1610612754,"Pacers","Indiana",240,26,19,14,50,22,10,23,68,2,4,18,28
"team",22200688,"DEN",1610612743,"Nuggets","Denver",240,22,10,23,68,26,19,14,50,4,2,28,18
"team",22200690,"MEM",1610612763,"Grizzlies","Memphis",240,7,39,4,64,16,22,20,44,7,7,31,26
"team",22200690,"LAL",1610612747,"Lakers","Los Angeles",240,16,22,20,44,7,39,4,64,7,7,26,31
"team",22200691,"SAC",1610612758,"Kings","Sacramento",240,10,22,4,44,19,2,5,50,2,1,17,20
"team",22200691,"OKC",1610612760,"Thunder","Oklahoma City",240,19,2,5,50,10,22,4,44,1,2,20,17
"team",22200686,"MIA",1610612748,"Heat","Miami",240,10,10,12,52,31,12,7,34,1,1,22,22
"team",22200686,"DAL",1610612742,"Mavericks","Dallas",240,31,12,7,34,10,10,12,52,1,1,22,22
"team",22200685,"GSW",1610612744,"Warriors","Golden State",240,19,10,13,28,22,8,16,44,4,8,19,15
"team",22200685,"CLE",1610612739,"Cavaliers","Cleveland",240,22,8,16,44,19,10,13,28,8,4,15,19
"team",22200684,"NYK",1610612752,"Knicks","New York",240,15,13,6,60,12,23,8,62,3,4,15,16
"team",22200684,"ATL",1610612737,"Hawks","Atlanta",240,12,23,8,62,15,13,6,60,4,3,16,15
"team",22200683,"ORL",1610612753,"Magic","Orlando",240,9,8,13,42,17,14,6,56,5,5,18,21
"team",22200683,"NOP",1610612740,"Pelicans","New Orleans",240,17,14,6,56,9,8,13,42,5,5,21,18
"team",22200693,"WAS",1610612764,"Wizards","Washington",240,14,15,9,46,10,12,8,46,5,10,18,19
"team",22200693,"ORL",1610612753,"Magic","Orlando",240,10,12,8,46,14,15,9,46,10,5,19,18
"team",22200695,"MIL",1610612749,"Bucks","Milwaukee",240,12,11,3,44,21,11,7,66,6,3,17,13
"team",22200695,"CLE",1610612739,"Cavaliers","Cleveland",240,21,11,7,66,12,11,3,44,3,6,13,17
"team",22200694,"CHA",1610612766,"Hornets","Charlotte",240,21,9,24,58,16,6,9,50,2,4,18,20
"team",22200694,"ATL",1610612737,"Hawks","Atlanta",240,16,6,9,50,21,9,24,58,4,2,20,18
"team",22200696,"MIN",1610612750,"Timberwolves","Minnesota",240,30,3,16,38,17,16,7,54,9,6,26,19
"team",22200696,"HOU",1610612745,"Rockets","Houston",240,17,16,7,54,30,3,16,38,6,9,19,26
"team",22200697,"PHX",1610612756,"Suns","Phoenix",240,16,19,17,40,13,20,21,38,8,4,20,29
"team",22200697,"IND",1610612754,"Pacers","Indiana",240,13,20,21,38,16,19,17,40,4,8,29,20
"team",22200698,"SAC",1610612758,"Kings","Sacramento",240,25,6,11,56,15,23,10,70,5,3,20,26
"team",22200698,"PHI",1610612755,"76ers","Philadelphia",240,15,23,10,70,25,6,11,56,3,5,26,20
"team",22200692,"TOR",1610612761,"Raptors","Toronto",240,18,6,21,54,12,12,16,36,9,8,13,17
"team",22200692,"BOS",1610612738,"Celtics","Boston",240,12,12,16,36,18,6,21,54,8,9,17,13
"team",22200703,"PHX",1610612756,"Suns","Phoenix",240,19,11,10,34,23,14,11,56,5,4,26,22
"team",22200703,"MEM",1610612763,"Grizzlies","Memphis",240,23,14,11,56,19,11,10,34,4,5,22,26
"team",22200704,"GSW",1610612744,"Warriors","Golden State",240,24,8,21,50,15,5,13,48,2,7,24,22
"team",22200704,"BKN",1610612751,"Nets","Brooklyn",240,15,5,13,48,24,8,21,50,7,2,22,24
"team",22200699,"NOP",1610612740,"Pelicans","New Orleans",240,31,9,26,58,28,8,21,50,4,1,22,14
"team",22200699,"MIA",1610612748,"Heat","Miami",240,28,8,21,50,31,9,26,58,1,4,14,22
"team",22200700,"TOR",1610612761,"Raptors","Toronto",240,26,26,18,42,8,16,19,42,4,4,20,24
"team",22200700,"NYK",1610612752,"Knicks","New York",240,8,16,19,42,26,26,18,42,4,4,24,20
"team",22200705,"POR",1610612757,"Trail Blazers","Portland",240,19,16,17,38,15,15,21,62,7,5,24,19
"team",22200705,"LAL",1610612747,"Lakers","Los Angeles",240,15,15,21,62,19,16,17,38,5,7,19,24
"team",22200701,"LAC",1610612746,"Clippers","LA",240,12,11,17,38,14,8,6,36,3,3,23,21
"team",22200701,"DAL",1610612742,"Mavericks","Dallas",240,14,8,6,36,12,11,17,38,3,3,21,23
"team",22200702,"OKC",1610612760,"Thunder","Oklahoma City",240,14,13,9,58,5,12,6,44,5,5,24,16
"team",22200702,"DEN",1610612743,"Nuggets","Denver",240,5,12,6,44,14,13,9,58,5,5,16,24
"team",22200709,"MIN",1610612750,"Timberwolves","Minnesota",240,19,10,17,44,18,14,9,56,7,5,22,15
"team",22200709,"HOU",1610612745,"Rockets","Houston",240,18,14,9,56,19,10,17,44,5,7,15,22
"team",22200708,"CHI",1610612741,"Bulls","Chicago",240,25,12,16,50,8,13,9,46,3,4,20,14
"team",22200708,"ATL",1610612737,"Hawks","Atlanta",240,8,13,9,46,25,12,16,50,4,3,14,20
"team",22200706,"MIL",1610612749,"Bucks","Milwaukee",240,26,19,12,58,19,16,21,48,6,3,27,21
"team",22200706,"DET",1610612765,"Pistons","Detroit",240,19,16,21,48,26,19,12,58,3,6,21,27
"team",22200707,"ORL",1610612753,"Magic","Orlando",240,19,10,24,54,11,10,6,32,3,4,12,23
"team",22200707,"BOS",1610612738,"Celtics","Boston",240,11,10,6,32,19,10,24,54,4,3,23,12
"team",22200710,"UTA",1610612762,"Jazz","Utah",240,24,13,15,46,20,20,22,66,4,7,26,23
"team",22200710,"CHA",1610612766,"Hornets","Charlotte",240,20,20,22,66,24,13,15,46,7,4,23,26
"team",22200712,"SAC",1610612758,"Kings","Sacramento",240,30,14,30,44,23,14,12,56,5,3,11,21
"team",22200712,"MEM",1610612763,"Grizzlies","Memphis",240,23,14,12,56,30,14,30,44,3,5,21,11
"team",22200711,"SAS",1610612759,"Spurs","San Antonio",240,15,8,6,54,24,6,24,62,4,4,18,16
"team",22200711,"POR",1610612757,"Trail Blazers","Portland",240,24,6,24,62,15,8,6,54,4,4,16,18
"team",22200715,"NYK",1610612752,"Knicks","New York",240,19,19,7,38,16,8,17,52,3,4,18,19
"team",22200715,"CLE",1610612739,"Cavaliers","Cleveland",240,16,8,17,52,19,19,7,38,4,3,19,18
"team",22200716,"NOP",1610612740,"Pelicans","New Orleans",240,16,16,11,62,17,8,15,48,3,5,14,20
"team",22200716,"DEN",1610612743,"Nuggets","Denver",240,17,8,15,48,16,16,11,62,5,3,20,14
"team",22200719,"LAL",1610612747,"Lakers","Los Angeles",240,16,17,11,50,13,7,11,50,4,9,13,20
"team",22200719,"LAC",1610612746,"Clippers","LA",240,13,7,11,50,16,17,11,50,9,4,20,13
"team",22200718,"PHX",1610612756,"Suns","Phoenix",240,19,11,4,44,14,18,9,58,10,5,21,21
"team",22200718,"CHA",1610612766,"Hornets","Charlotte",240,14,18,9,58,19,11,4,44,5,10,21,21
"team",22200717,"WAS",1610612764,"Wizards","Washington",240,9,12,11,48,14,4,11,64,3,2,22,25
"team",22200717,"DAL",1610612742,"Mavericks","Dallas",240,14,4,11,64,9,12,11,48,2,3,25,22
"team",22200713,"IND",1610612754,"Pacers","Indiana",240,24,19,19,56,9,18,14,50,10,5,21,23
"team",22200713,"CHI",1610612741,"Bulls","Chicago",240,9,18,14,50,24,19,19,56,5,10,23,21
"team",22200714,"MIA",1610612748,"Heat","Miami",240,17,16,13,42,6,8,7,42,2,6,18,22
"team",22200714,"BOS",1610612738,"Celtics","Boston",240,6,8,7,42,17,16,13,42,6,2,22,18
"team",22200725,"OKC",1610612760,"Thunder","Oklahoma City",240,24,16,20,72,12,21,10,64,2,6,23,16
"team",22200725,"ATL",1610612737,"Hawks","Atlanta",240,12,21,10,64,24,16,20,72,6,2,16,23
"team",22200726,"MEM",1610612763,"Grizzlies","Memphis",240,27,9,20,62,19,15,7,44,3,5,26,27
"team",22200726,"GSW",1610612744,"Warriors","Golden State",240,19,15,7,44,27,9,20,62,5,3,27,26
"team",22200727,"UTA",1610612762,"Jazz","Utah",240,13,17,17,50,17,13,26,58,5,4,18,15
"team",22200727,"POR",1610612757,"Trail Blazers","Portland",240,17,13,26,58,13,17,17,50,4,5,15,18
"team",22200729,"SAS",1610612759,"Spurs","San Antonio",240,17,18,25,58,10,15,29,48,2,9,19,13
"team",22200729,"LAL",1610612747,"Lakers","Los Angeles",240,10,15,29,48,17,18,25,58,9,2,13,19
"team",22200728,"TOR",1610612761,"Raptors","Toronto",240,17,18,11,58,11,2,12,42,8,2,17,12
"team",22200728,"SAC",1610612758,"Kings","Sacramento",240,11,2,12,42,17,18,11,58,2,8,12,17
"team",22200724,"NOP",1610612740,"Pelicans","New Orleans",240,6,10,4,40,18,6,18,50,7,5,21,18
"team",22200724,"MIN",1610612750,"Timberwolves","Minnesota",240,18,6,18,50,6,10,4,40,5,7,18,21
"team",22200722,"WAS",1610612764,"Wizards","Washington",240,23,17,18,40,15,17,12,70,7,10,16,15
"team",22200722,"HOU",1610612745,"Rockets","Houston",240,15,17,12,70,23,17,18,40,10,7,15,16
"team",22200720,"ORL",1610612753,"Magic","Orlando",240,26,27,11,56,28,14,17,46,7,5,22,20
"team",22200720,"IND",1610612754,"Pacers","Indiana",240,28,14,17,46,26,27,11,56,5,7,20,22
"team",22200723,"MIL",1610612749,"Bucks","Milwaukee",240,21,8,16,42,20,21,13,44,7,5,15,21
"team",22200723,"DEN",1610612743,"Nuggets","Denver",240,20,21,13,44,21,8,16,42,5,7,21,15
"team",22200721,"PHI",1610612755,"76ers","Philadelphia",240,23,21,15,44,20,11,19,50,4,4,19,26
"team",22200721,"BKN",1610612751,"Nets","Brooklyn",240,20,11,19,50,23,21,15,44,4,4,26,19
"team",22200731,"DET",1610612765,"Pistons","Detroit",240,13,18,15,60,11,18,11,50,5,6,22,23
"team",22200731,"BKN",1610612751,"Nets","Brooklyn",240,11,18,11,50,13,18,15,60,6,5,23,22
"team",22200732,"CHI",1610612741,"Bulls","Chicago",240,12,9,15,54,19,8,23,58,2,5,20,19
"team",22200732,"CHA",1610612766,"Hornets","Charlotte",240,19,8,23,58,12,9,15,54,5,2,19,20
"team",22200730,"NYK",1610612752,"Knicks","New York",265,22,8,13,48,19,21,17,42,5,4,20,19
"team",22200730,"BOS",1610612738,"Celtics","Boston",265,19,21,17,42,22,8,13,48,4,5,19,20
"team",22200734,"PHX",1610612756,"Suns","Phoenix",240,13,11,16,36,12,13,10,36,6,3,21,10
"team",22200734,"DAL",1610612742,"Mavericks","Dallas",240,12,13,10,36,13,11,16,36,3,6,10,21
"team",22200735,"SAS",1610612759,"Spurs","San Antonio",240,6,16,5,52,26,10,15,54,1,9,18,21
"team",22200735,"LAC",1610612746,"Clippers","LA",240,26,10,15,54,6,16,5,52,9,1,21,18
"team",22200733,"HOU",1610612745,"Rockets","Houston",240,6,22,15,60,40,21,17,44,6,4,20,16
"team",22200733,"CLE",1610612739,"Cavaliers","Cleveland",240,40,21,17,44,6,22,15,60,4,6,16,20
"team",22200740,"TOR",1610612761,"Raptors","Toronto",240,15,8,23,64,16,4,29,62,4,1,17,18
"team",22200740,"GSW",1610612744,"Warriors","Golden State",240,16,4,29,62,15,8,23,64,1,4,18,17
"team",22200738,"ORL",1610612753,"Magic","Orlando",240,13,7,10,32,32,11,16,54,3,3,23,19
"team",22200738,"MIA",1610612748,"Heat","Miami",240,32,11,16,54,13,7,10,32,3,3,19,23
"team",22200739,"OKC",1610612760,"Thunder","Oklahoma City",240,11,14,8,50,18,6,10,56,2,5,17,21
"team",22200739,"CLE",1610612739,"Cavaliers","Cleveland",240,18,6,10,56,11,14,8,50,5,2,21,17
"team",22200736,"MIL",1610612749,"Bucks","Milwaukee",240,9,25,11,58,13,12,18,60,3,4,20,24
"team",22200736,"IND",1610612754,"Pacers","Indiana",240,13,12,18,60,9,25,11,58,4,3,24,20
"team",22200737,"MIN",1610612750,"Timberwolves","Minnesota",240,12,18,21,58,21,17,12,60,6,2,19,12
"team",22200737,"MEM",1610612763,"Grizzlies","Memphis",240,21,17,12,60,12,18,21,58,2,6,12,19
"team",22200744,"ORL",1610612753,"Magic","Orlando",240,22,7,13,56,17,8,5,44,0,6,18,22
"team",22200744,"CHI",1610612741,"Bulls","Chicago",240,17,8,5,44,22,7,13,56,6,0,22,18
"team",22200741,"PHI",1610612755,"76ers","Philadelphia",240,22,14,20,48,11,12,15,52,2,6,15,14
"team",22200741,"DEN",1610612743,"Nuggets","Denver",240,11,12,15,52,22,14,20,48,6,2,14,15
"team",22200742,"NYK",1610612752,"Knicks","New York",240,4,14,5,68,12,15,10,34,4,3,14,17
"team",22200742,"BKN",1610612751,"Nets","Brooklyn",240,12,15,10,34,4,14,5,68,3,4,17,14
"team",22200747,"WAS",1610612764,"Wizards","Washington",240,13,25,6,50,14,11,17,56,8,8,17,26
"team",22200747,"NOP",1610612740,"Pelicans","New Orleans",240,14,11,17,56,13,25,6,50,8,8,26,17
"team",22200750,"UTA",1610612762,"Jazz","Utah",240,13,20,16,48,16,17,11,28,6,3,23,18
"team",22200750,"DAL",1610612742,"Mavericks","Dallas",240,16,17,11,28,13,20,16,48,3,6,18,23
"team",22200743,"HOU",1610612745,"Rockets","Houston",240,21,21,15,70,23,4,4,42,4,5,20,25
"team",22200743,"DET",1610612765,"Pistons","Detroit",240,23,4,4,42,21,21,15,70,5,4,25,20
"team",22200749,"LAL",1610612747,"Lakers","Los Angeles",265,13,24,16,62,17,11,22,44,0,9,23,22
"team",22200749,"BOS",1610612738,"Celtics","Boston",265,17,11,22,44,13,24,16,62,9,0,22,23
"team",22200745,"LAC",1610612746,"Clippers","LA",240,14,11,7,32,23,17,24,62,5,2,15,18
"team",22200745,"ATL",1610612737,"Hawks","Atlanta",240,23,17,24,62,14,11,7,32,2,5,18,15
"team",22200746,"SAC",1610612758,"Kings","Sacramento",240,23,7,9,54,8,14,14,38,0,2,21,26
"team",22200746,"MIN",1610612750,"Timberwolves","Minnesota",240,8,14,14,38,23,7,9,54,2,0,26,21
"team",22200751,"TOR",1610612761,"Raptors","Toronto",240,22,22,6,68,11,5,9,60,3,6,18,16
"team",22200751,"POR",1610612757,"Trail Blazers","Portland",240,11,5,9,60,22,22,6,68,6,3,16,18
"team",22200748,"SAS",1610612759,"Spurs","San Antonio",265,11,10,15,66,14,15,8,52,4,6,20,19
"team",22200748,"PHX",1610612756,"Suns","Phoenix",265,14,15,8,52,11,10,15,66,6,4,19,20
"team",22200755,"NOP",1610612740,"Pelicans","New Orleans",240,13,12,11,44,16,20,13,58,3,4,20,18
"team",22200755,"MIL",1610612749,"Bucks","Milwaukee",240,16,20,13,58,13,12,11,44,4,3,18,20
"team",22200753,"MEM",1610612763,"Grizzlies","Memphis",240,19,21,22,66,5,18,15,46,8,6,21,22
"team",22200753,"IND",1610612754,"Pacers","Indiana",240,5,18,15,46,19,21,22,66,6,8,22,21
"team",22200754,"LAC",1610612746,"Clippers","LA",240,14,17,17,58,24,4,19,40,0,7,19,23
"team",22200754,"CLE",1610612739,"Cavaliers","Cleveland",240,24,4,19,40,14,17,17,58,7,0,23,19
"team",22200752,"MIA",1610612748,"Heat","Miami",240,25,14,10,56,16,11,25,58,0,3,17,18
"team",22200752,"CHA",1610612766,"Hornets","Charlotte",240,16,11,25,58,25,14,10,56,3,0,18,17
"team",22200756,"PHI",1610612755,"76ers","Philadelphia",240,17,8,14,50,20,22,28,54,3,6,25,16
"team",22200756,"ORL",1610612753,"Magic","Orlando",240,20,22,28,54,17,8,14,50,6,3,16,25
"team",22200759,"OKC",1610612760,"Thunder","Oklahoma City",240,13,11,17,54,14,9,14,46,4,4,18,18
"team",22200759,"GSW",1610612744,"Warriors","Golden State",240,14,9,14,46,13,11,17,54,4,4,18,18
"team",22200760,"WAS",1610612764,"Wizards","Washington",240,6,9,12,56,16,17,13,66,8,6,19,20
"team",22200760,"SAS",1610612759,"Spurs","San Antonio",240,16,17,13,66,6,9,12,56,6,8,20,19
"team",22200758,"SAC",1610612758,"Kings","Sacramento",265,21,16,14,68,9,12,5,50,3,3,21,16
"team",22200758,"MIN",1610612750,"Timberwolves","Minnesota",265,9,12,5,50,21,16,14,68,3,3,16,21
"team",22200761,"DET",1610612765,"Pistons","Detroit",240,18,14,12,26,21,13,7,52,6,1,31,18
"team",22200761,"DAL",1610612742,"Mavericks","Dallas",240,21,13,7,52,18,14,12,26,1,6,18,31
"team",22200762,"TOR",1610612761,"Raptors","Toronto",240,19,23,18,54,17,18,20,54,4,4,19,16
"team",22200762,"PHX",1610612756,"Suns","Phoenix",240,17,18,20,54,19,23,18,54,4,4,16,19
"team",22200763,"POR",1610612757,"Trail Blazers","Portland",240,5,3,14,34,14,21,2,50,7,0,21,21
"team",22200763,"ATL",1610612737,"Hawks","Atlanta",240,14,21,2,50,5,3,14,34,0,7,21,21
"team",22200757,"LAL",1610612747,"Lakers","Los Angeles",240,11,17,6,38,21,10,17,42,3,9,16,25
"team",22200757,"BKN",1610612751,"Nets","Brooklyn",240,21,10,17,42,11,17,6,38,9,3,25,16
"team",22200765,"NYK",1610612752,"Knicks","New York",265,22,15,8,62,11,8,9,54,3,1,24,23
"team",22200765,"LAL",1610612747,"Lakers","Los Angeles",265,11,8,9,54,22,15,8,62,1,3,23,24
"team",22200766,"LAC",1610612746,"Clippers","LA",240,24,8,20,42,11,4,15,42,6,6,16,19
"team",22200766,"CHI",1610612741,"Bulls","Chicago",240,11,4,15,42,24,8,20,42,6,6,19,16
"team",22200767,"MIL",1610612749,"Bucks","Milwaukee",240,9,21,21,50,15,15,18,48,8,6,21,24
"team",22200767,"CHA",1610612766,"Hornets","Charlotte",240,15,15,18,48,9,21,21,50,6,8,24,21
"team",22200768,"NOP",1610612740,"Pelicans","New Orleans",240,23,13,15,52,16,9,26,50,2,3,24,21
"team",22200768,"DEN",1610612743,"Nuggets","Denver",240,16,9,26,50,23,13,15,52,3,2,21,24
"team",22200764,"MIA",1610612748,"Heat","Miami",240,21,11,7,36,11,5,16,50,3,6,17,20
"team",22200764,"CLE",1610612739,"Cavaliers","Cleveland",240,11,5,16,50,21,11,7,36,6,3,20,17
"team",22200775,"SAS",1610612759,"Spurs","San Antonio",240,8,16,6,68,25,8,12,74,1,3,17,13
"team",22200775,"SAC",1610612758,"Kings","Sacramento",240,25,8,12,74,8,16,6,68,3,1,13,17
"team",22200777,"PHX",1610612756,"Suns","Phoenix",240,12,18,13,52,31,10,17,52,4,5,13,24
"team",22200777,"ATL",1610612737,"Hawks","Atlanta",240,31,10,17,52,12,18,13,52,5,4,24,13
"team",22200776,"UTA",1610612762,"Jazz","Utah",240,9,15,14,54,19,18,28,68,11,2,17,22
"team",22200776,"TOR",1610612761,"Raptors","Toronto",240,19,18,28,68,9,15,14,54,2,11,22,17
"team",22200773,"OKC",1610612760,"Thunder","Oklahoma City",240,23,26,12,46,9,25,10,66,6,12,23,20
"team",22200773,"HOU",1610612745,"Rockets","Houston",240,9,25,10,66,23,26,12,46,12,6,20,23
"team",22200774,"MIN",1610612750,"Timberwolves","Minnesota",265,24,7,13,54,17,7,17,48,7,4,23,24
"team",22200774,"GSW",1610612744,"Warriors","Golden State",265,17,7,17,48,24,7,13,54,4,7,24,23
"team",22200772,"BOS",1610612738,"Celtics","Boston",240,12,15,30,54,13,2,10,40,4,1,13,12
"team",22200772,"BKN",1610612751,"Nets","Brooklyn",240,13,2,10,40,12,15,30,54,1,4,12,13
"team",22200771,"POR",1610612757,"Trail Blazers","Portland",240,28,6,12,40,18,12,17,62,5,7,22,22
"team",22200771,"MEM",1610612763,"Grizzlies","Memphis",240,18,12,17,62,28,6,12,40,7,5,22,22
"team",22200770,"PHI",1610612755,"76ers","Philadelphia",240,19,4,20,38,24,18,13,46,4,4,24,21
"team",22200770,"ORL",1610612753,"Magic","Orlando",240,24,18,13,46,19,4,20,38,4,4,21,24
"team",22200778,"LAL",1610612747,"Lakers","Los Angeles",240,16,18,15,60,14,6,26,48,5,6,10,21
"team",22200778,"IND",1610612754,"Pacers","Indiana",240,14,6,26,48,16,18,15,60,6,5,21,10
"team",22200780,"NYK",1610612752,"Knicks","New York",240,11,14,10,52,21,11,9,36,0,3,17,15
"team",22200780,"MIA",1610612748,"Heat","Miami",240,21,11,9,36,11,14,10,52,3,0,15,17
"team",22200784,"MIL",1610612749,"Bucks","Milwaukee",240,9,10,15,48,8,15,10,36,0,4,17,22
"team",22200784,"LAC",1610612746,"Clippers","LA",240,8,15,10,36,9,10,15,48,4,0,22,17
"team",22200781,"CHI",1610612741,"Bulls","Chicago",240,22,14,14,54,16,23,18,56,3,4,18,15
"team",22200781,"CHA",1610612766,"Hornets","Charlotte",240,16,23,18,56,22,14,14,54,4,3,15,18
"team",22200779,"MEM",1610612763,"Grizzlies","Memphis",240,19,8,17,44,20,15,16,64,5,7,23,17
"team",22200779,"CLE",1610612739,"Cavaliers","Cleveland",240,20,15,16,64,19,8,17,44,7,5,17,23
"team",22200782,"NOP",1610612740,"Pelicans","New Orleans",240,13,16,22,68,27,18,8,38,5,3,26,24
"team",22200782,"DAL",1610612742,"Mavericks","Dallas",240,27,18,8,38,13,16,22,68,3,5,24,26
"team",22200783,"GSW",1610612744,"Warriors","Golden State",240,19,8,7,44,16,12,15,54,4,2,23,19
"team",22200783,"DEN",1610612743,"Nuggets","Denver",240,16,12,15,54,19,8,7,44,2,4,19,23
"team",22200792,"UTA",1610612762,"Jazz","Utah",240,12,14,15,46,13,11,11,56,2,5,22,18
"team",22200792,"ATL",1610612737,"Hawks","Atlanta",240,13,11,11,56,12,14,15,46,5,2,18,22
"team",22200787,"WAS",1610612764,"Wizards","Washington",240,7,19,6,52,14,10,12,46,3,2,19,17
"team",22200787,"POR",1610612757,"Trail Blazers","Portland",240,14,10,12,46,7,19,6,52,2,3,17,19
"team",22200785,"DET",1610612765,"Pistons","Detroit",240,13,17,2,56,30,12,15,58,3,2,22,20
"team",22200785,"CHA",1610612766,"Hornets","Charlotte",240,30,12,15,58,13,17,2,56,2,3,20,22
"team",22200788,"PHX",1610612756,"Suns","Phoenix",240,16,11,9,38,6,5,14,32,6,3,22,21
"team",22200788,"BOS",1610612738,"Celtics","Boston",240,6,5,14,32,16,11,9,38,3,6,21,22
"team",22200791,"SAS",1610612759,"Spurs","San Antonio",240,17,14,8,80,26,21,20,64,0,3,25,13
"team",22200791,"PHI",1610612755,"76ers","Philadelphia",240,26,21,20,64,17,14,8,80,3,0,13,25
"team",22200789,"TOR",1610612761,"Raptors","Toronto",240,14,15,20,38,15,11,10,64,7,4,25,26
"team",22200789,"HOU",1610612745,"Rockets","Houston",240,15,11,10,64,14,15,20,38,4,7,26,25
"team",22200790,"ORL",1610612753,"Magic","Orlando",240,26,28,2,56,19,21,10,44,3,7,24,27
"team",22200790,"MIN",1610612750,"Timberwolves","Minnesota",240,19,21,10,44,26,28,2,56,7,3,27,24
"team",22200786,"SAC",1610612758,"Kings","Sacramento",240,20,11,17,40,23,13,28,44,5,5,15,18
"team",22200786,"IND",1610612754,"Pacers","Indiana",240,23,13,28,44,20,11,17,40,5,5,18,15
"team",22200798,"NOP",1610612740,"Pelicans","New Orleans",240,14,16,12,62,12,12,23,58,0,3,22,20
"team",22200798,"LAL",1610612747,"Lakers","Los Angeles",240,12,12,23,58,14,16,12,62,3,0,20,22
"team",22200793,"WAS",1610612764,"Wizards","Washington",240,22,13,6,44,23,12,27,46,3,10,21,28
"team",22200793,"BKN",1610612751,"Nets","Brooklyn",240,23,12,27,46,22,13,6,44,10,3,28,21
"team",22200794,"PHX",1610612756,"Suns","Phoenix",240,22,11,5,54,21,20,10,30,2,2,23,27
"team",22200794,"DET",1610612765,"Pistons","Detroit",240,21,20,10,30,22,11,5,54,2,2,27,23
"team",22200795,"NYK",1610612752,"Knicks","New York",265,13,15,5,44,14,18,12,42,3,4,30,20
"team",22200795,"LAC",1610612746,"Clippers","LA",265,14,18,12,42,13,15,5,44,4,3,20,30
"team",22200796,"POR",1610612757,"Trail Blazers","Portland",240,17,0,6,48,10,14,8,52,3,3,19,19
"team",22200796,"CHI",1610612741,"Bulls","Chicago",240,10,14,8,52,17,0,6,48,3,3,19,19
"team",22200799,"OKC",1610612760,"Thunder","Oklahoma City",240,25,21,27,62,14,16,12,68,6,8,19,18
"team",22200799,"HOU",1610612745,"Rockets","Houston",240,14,16,12,68,25,21,27,62,8,6,18,19
"team",22200797,"MIL",1610612749,"Bucks","Milwaukee",240,13,14,22,54,12,16,11,58,4,2,14,23
"team",22200797,"MIA",1610612748,"Heat","Miami",240,12,16,11,58,13,14,22,54,2,4,23,14
"team",22200801,"DEN",1610612743,"Nuggets","Denver",240,18,12,19,48,11,12,11,56,6,7,15,18
"team",22200801,"ATL",1610612737,"Hawks","Atlanta",240,11,12,11,56,18,12,19,48,7,6,18,15
"team",22200800,"GSW",1610612744,"Warriors","Golden State",240,19,7,12,56,11,16,11,46,5,1,24,18
"team",22200800,"DAL",1610612742,"Mavericks","Dallas",240,11,16,11,46,19,7,12,56,1,5,18,24
